-- phpMyAdmin SQL Dump
-- version 4.0.10.7
-- http://www.phpmyadmin.net
--
-- Servidor: localhost
-- Tiempo de generación: 12-05-2015 a las 17:24:10
-- Versión del servidor: 5.5.42-cll
-- Versión de PHP: 5.4.23

SET SQL_MODE = "NO_AUTO_VALUE_ON_ZERO";
SET time_zone = "+00:00";


/*!40101 SET @OLD_CHARACTER_SET_CLIENT=@@CHARACTER_SET_CLIENT */;
/*!40101 SET @OLD_CHARACTER_SET_RESULTS=@@CHARACTER_SET_RESULTS */;
/*!40101 SET @OLD_COLLATION_CONNECTION=@@COLLATION_CONNECTION */;
/*!40101 SET NAMES utf8 */;

--
-- Base de datos: `cvilchez_visitas`
--

-- --------------------------------------------------------

--
-- Estructura de tabla para la tabla `td_detalle_dominio`
--

CREATE TABLE IF NOT EXISTS `td_detalle_dominio` (
  `id_detalle_dominio` int(11) NOT NULL AUTO_INCREMENT,
  `id_dominio` int(11) NOT NULL,
  `co_detalle_dominio` varchar(20) NOT NULL,
  `no_detalle_dominio` varchar(45) NOT NULL,
  `de_detalle_dominio` varchar(150) DEFAULT NULL,
  `va_columna_01` varchar(150) DEFAULT NULL,
  PRIMARY KEY (`id_detalle_dominio`),
  UNIQUE KEY `un_detalle_dominio1` (`id_dominio`,`co_detalle_dominio`),
  UNIQUE KEY `un_detalle_dominio2` (`id_dominio`,`no_detalle_dominio`)
) ENGINE=InnoDB  DEFAULT CHARSET=latin1 AUTO_INCREMENT=18 ;

--
-- Volcado de datos para la tabla `td_detalle_dominio`
--

INSERT INTO `td_detalle_dominio` (`id_detalle_dominio`, `id_dominio`, `co_detalle_dominio`, `no_detalle_dominio`, `de_detalle_dominio`, `va_columna_01`) VALUES
(1, 1, 'DNI', 'DNI', 'DOCUMENTO NACIONAL DE IDENTIDAD', NULL),
(2, 1, 'CEX', 'CARNET DE EXTRANJERIA', NULL, NULL),
(3, 1, 'RUC', 'RUC', 'REGISTRO UNICO DE CONTRIBUYENTES', NULL),
(4, 1, 'PSP', 'PASAPORTE', NULL, NULL),
(5, 1, 'CDI', 'CÉDULA DIPLOMÁTICA DE IDENTIDAD', 'CÉDULA DIPLOMÁTICA DE IDENTIDAD', NULL),
(6, 1, 'OTR', 'OTROS', 'OTROS TIPOS DE DOCUMENTOS', NULL),
(7, 2, 'ACT', 'ACTIVO', NULL, NULL),
(8, 2, 'INC', 'INACTIVO', NULL, NULL),
(11, 3, 'MIN', 'MOTIVO INSTITUCIONAL', NULL, NULL),
(12, 3, 'V_PE', 'VISITA PERSONAL', '', ''),
(13, 4, 'PCM', 'PRESIDENCIA DEL CONSEJO DE MINISTROS', NULL, '7'),
(14, 4, 'MINSA', 'MINISTERIO DE SALUD', NULL, '8'),
(15, 3, 'PROV_BIEN_SERV', 'PROVEEDOR DE BIENES Y/O SERVICIOS', '', ''),
(16, 3, 'GES_ADM', 'GESTIÓN ADMINISTRATIVA', '', ''),
(17, 3, 'RE_TRA', 'REUNIÓN DE TRABAJO', '', '');

-- --------------------------------------------------------

--
-- Estructura de tabla para la tabla `tm_acceso_web`
--

CREATE TABLE IF NOT EXISTS `tm_acceso_web` (
  `id_acceso_web` int(11) NOT NULL AUTO_INCREMENT,
  `ti_recurso_web` int(11) NOT NULL COMMENT 'tabla de parametros...',
  `fe_acceso_web` date NOT NULL,
  `nu_acceso_web` int(11) NOT NULL,
  PRIMARY KEY (`id_acceso_web`),
  UNIQUE KEY `un_acceso_web` (`ti_recurso_web`,`fe_acceso_web`)
) ENGINE=InnoDB  DEFAULT CHARSET=latin1 AUTO_INCREMENT=12 ;

--
-- Volcado de datos para la tabla `tm_acceso_web`
--

INSERT INTO `tm_acceso_web` (`id_acceso_web`, `ti_recurso_web`, `fe_acceso_web`, `nu_acceso_web`) VALUES
(1, 29, '2014-09-19', 4),
(2, 29, '2014-10-06', 1),
(3, 29, '2014-10-30', 1),
(4, 29, '2014-10-31', 1),
(5, 29, '2014-11-19', 1),
(6, 29, '2014-11-26', 1),
(7, 29, '2014-12-03', 1),
(8, 29, '2015-01-06', 1),
(9, 29, '2015-04-15', 1),
(10, 29, '2015-04-27', 1),
(11, 29, '2015-05-05', 1);

-- --------------------------------------------------------

--
-- Estructura de tabla para la tabla `tm_cargo_laboral`
--

CREATE TABLE IF NOT EXISTS `tm_cargo_laboral` (
  `id_cargo_laboral` int(11) NOT NULL AUTO_INCREMENT,
  `co_cargo_laboral` varchar(20) NOT NULL,
  `no_cargo_laboral` varchar(50) NOT NULL,
  `de_cargo_laboral` varchar(255) DEFAULT NULL,
  PRIMARY KEY (`id_cargo_laboral`),
  UNIQUE KEY `co_cargo_laboral` (`co_cargo_laboral`),
  UNIQUE KEY `no_cargo_laboral` (`no_cargo_laboral`)
) ENGINE=InnoDB  DEFAULT CHARSET=latin1 AUTO_INCREMENT=97 ;

--
-- Volcado de datos para la tabla `tm_cargo_laboral`
--

INSERT INTO `tm_cargo_laboral` (`id_cargo_laboral`, `co_cargo_laboral`, `no_cargo_laboral`, `de_cargo_laboral`) VALUES
(1, 'SEGURIDAD', 'SEGURIDAD', NULL),
(2, 'JEFSIS', 'JEFE DE SISTEMAS', NULL),
(3, 'ANPRO', 'ANALISTA PROGRAMADOR', NULL),
(4, '3', 'Apoyo auxiliar', 'Apoyo auxiliar'),
(5, '4', 'Apoyo administrativo', 'Apoyo administrativo'),
(6, '6', 'Apoyo Técnico', 'Apoyo Técnico'),
(7, '260', 'Jefe de Oficina', 'Jefe de Oficina'),
(8, '261', 'Secretario Tecnico ', 'Secretaria Tecnica'),
(9, '262', 'Asesor (a) ', 'Asesor'),
(10, '263', 'Asesor (a)  Legal', 'Asesor Legal'),
(11, '266', 'Ministro', 'Ministro'),
(12, '273', 'Practicante', 'Practicante'),
(13, '274', 'Apoyo Profesional', 'Apoyo Profesional'),
(14, '276', 'Consultor (a) ', 'Consultor'),
(15, '278', 'Analista de Sistemas', 'Analista De Sistemas'),
(16, '279', 'Coordinador (a) ', 'Coordinador'),
(17, '280', 'Especialista Administrativo', 'Especialista Administrativo'),
(18, '282', 'Técnico Administrativo ', 'Técnico Administrativo'),
(19, '283', 'Asistente Administrativo', 'Asistente Administrativo'),
(20, '284', 'Asistente Técnico', 'Asistente Técnico'),
(21, '285', 'Especialista', 'Asistente Técnico'),
(22, '286', 'Director(a)', 'Director(A)'),
(23, '287', 'Auxiliar Administrativo', 'Auxiliar Administrativo'),
(24, '289', 'Investigador', 'Investigador'),
(25, '291', 'Planificador (a) ', 'Planificador'),
(26, '297', 'Asistente Social', 'Asistente Social'),
(27, '298', 'Auditor (a)', 'Auditor'),
(28, '301', 'Abogado (a) ', 'Abogado'),
(29, '303', 'Coordinador Administrativo', 'Coordinador Administrativa'),
(30, '305', 'Tesorero (a) ', 'Tesorera'),
(31, '307', 'Edecan', 'Acompañante Seguridad Del Primer Ministro'),
(32, '308', 'Secretaria ', 'Secretaria '),
(33, '311', 'Gerente', 'Gerente General'),
(34, '312', 'Administrador(a)', 'Administrador'),
(35, '316', 'Geografo', 'Geografo'),
(36, '317', 'Chofer', 'Chofer'),
(37, '318', 'Director (a) de Sistemas Administrativos', 'Director De Sistema Administrativo'),
(38, '319', 'Contador', 'Contador'),
(39, '320', 'Secretario General', 'Secretario General'),
(40, '321', 'Experto en Sistema Administrativo', 'Experto En Sistema Administrativo'),
(41, '322', 'Operador Equipo de Imprenta', 'Operario De Las Maquinas De Imprenta'),
(42, '323', 'Tecnico en Abogacia', 'Tecnico en Abogacia'),
(43, '324', 'Programador De Sistemas PAD', 'Programa En Sistemas'),
(44, '325', 'Consejero', 'Consejero'),
(45, '326', 'Sub Jefe', 'Sub Jefe'),
(46, '327', 'Coordinador General', 'Coordinador General'),
(47, '328', 'Secretario Ejecutivo', 'Secretario Ejecutivo'),
(48, '331', 'Procurador Publico', 'Procurador Publico'),
(49, '344', 'Pensionista Activo', 'Pensionista Activo'),
(50, '345', 'Pensionista Inactivo', 'Pensionista Inactivo'),
(51, '346', 'Director Ejecutivo', 'Director Ejecutivo'),
(52, '368', 'Economista', NULL),
(53, '375', 'Ingeniero', NULL),
(54, '376', 'Vice Ministro', NULL),
(55, '377', 'Vice Presidente', NULL),
(56, '378', 'Trabajador de Servicios', NULL),
(57, '379', 'Tecnico Informatico', NULL),
(58, '380', 'Tecnico en Mantenimiento y Servicios Generales', NULL),
(59, '381', 'Tecnico en Adquisiciones', NULL),
(60, '382', 'Sociologo(a)', NULL),
(61, '383', 'Analista de Operaciones ', NULL),
(62, '384', 'Responsable de Modulo', NULL),
(63, '385', 'Apoyo administrativo secretarial', NULL),
(64, '386', 'Promotor Social', NULL),
(65, '387', 'Apoyo Chofer', NULL),
(66, '388', 'Promotor', NULL),
(67, '389', 'Apoyo en  conducción de vehículos', NULL),
(68, '390', 'Profesional Medico', NULL),
(69, '391', 'Apoyo en temas de Seguridad', NULL),
(70, '392', 'Presidente del Consejo de Ministros', NULL),
(71, '393', 'Periodista', NULL),
(72, '394', 'Asistente', NULL),
(73, '395', 'Operador de Red', NULL),
(74, '396', 'Asistente de Comunicación ', NULL),
(75, '397', 'Asistente de Fortalecimiento', NULL),
(76, '398', 'Jefe del Organo de Control Institucional', NULL),
(77, '399', 'Asistente Presupuestario', NULL),
(78, '400', 'Funcionario Publico', NULL),
(79, '401', 'Asistente Secretarial', NULL),
(80, '402', 'Bibliotecario', NULL),
(81, '403', 'Especialista en Organización de Instrumentos ', NULL),
(82, '404', 'Cajero', NULL),
(83, '405', 'Comunicador Social', NULL),
(84, '406', 'Especialista en Finanzas', NULL),
(85, '407', 'Especialista en Contabilidad', NULL),
(86, '408', 'Conductor', NULL),
(87, '409', 'Especialista en Adquisiciones y Contrataciones', NULL),
(88, '410', 'Escolta', NULL),
(89, '411', 'Coordinador de Proyectos', NULL),
(90, '412', 'Encargado de Revision de Casos', NULL),
(91, '413', 'Ejecutivo de Proyectos', NULL),
(92, '414', 'Director de Monitoreo', NULL),
(93, '415', 'Coordinador Regional', NULL),
(94, '416', '[Otros]', NULL),
(96, 'Artesano', 'Artesano', '');

-- --------------------------------------------------------

--
-- Estructura de tabla para la tabla `tm_colaborador`
--

CREATE TABLE IF NOT EXISTS `tm_colaborador` (
  `id_colaborador` int(11) NOT NULL AUTO_INCREMENT,
  `co_colaborador` varchar(20) NOT NULL,
  `id_cargo_laboral` int(11) NOT NULL,
  `id_sede` int(11) NOT NULL,
  `no_colaborador` varchar(45) NOT NULL,
  `ap_paterno_colaborador` varchar(45) NOT NULL,
  `ap_materno_colaborador` varchar(45) NOT NULL,
  `ti_documento` int(11) NOT NULL,
  `nu_documento` varchar(20) NOT NULL,
  `id_oficina` int(11) DEFAULT NULL,
  PRIMARY KEY (`id_colaborador`),
  UNIQUE KEY `co_colaborador` (`co_colaborador`),
  UNIQUE KEY `un_documento` (`ti_documento`,`nu_documento`),
  UNIQUE KEY `un_persona` (`no_colaborador`,`ap_paterno_colaborador`,`ap_materno_colaborador`),
  KEY `id_sede` (`id_sede`),
  KEY `tm_colaborador_ibfk_4` (`id_oficina`),
  KEY `tm_colaborador_ibfk_2` (`id_cargo_laboral`)
) ENGINE=InnoDB  DEFAULT CHARSET=latin1 AUTO_INCREMENT=40474 ;

--
-- Volcado de datos para la tabla `tm_colaborador`
--

INSERT INTO `tm_colaborador` (`id_colaborador`, `co_colaborador`, `id_cargo_laboral`, `id_sede`, `no_colaborador`, `ap_paterno_colaborador`, `ap_materno_colaborador`, `ti_documento`, `nu_documento`, `id_oficina`) VALUES
(1, 'CO001', 1, 1, 'CARLOS', 'SEGUISMUNDO', 'MATEO', 1, '123456332', 311),
(2, 'CO002', 1, 1, 'ALEJANDRO', 'GUITIERRES', 'SAYRA', 1, '45232146', 326),
(3, 'CO003', 1, 1, 'PEDRO', 'TEJADA', 'GUNTA', 1, '85236978', NULL),
(4, 'CO004', 1, 1, 'JAVIER', 'CHONTA', 'YUQUE', 1, '8542332', NULL),
(5, 'CO005', 1, 1, 'PAUL', 'LESCANO', 'BLANCO', 1, '45632147', NULL),
(38383, 'COD3', 1, 1, 'RUTH MERY', 'ACOSTA', 'ZEVALLOS', 1, '09451769', NULL),
(38384, 'COD4', 1, 1, 'JUAN BENITO', 'ACUÑA', 'ASENCIOS', 1, '06253015', NULL),
(38385, 'COD5', 1, 1, 'BERENICE', 'ADRIANO', 'OLAYA', 1, '40774119', NULL),
(38386, 'COD6', 1, 1, 'ALEJANDRO', 'AFUSO', 'HIGA', 1, '10283313', NULL),
(38387, 'COD7', 1, 1, 'DORA VILMA', 'AGUEDO', 'DEXTRE', 1, '31630409', NULL),
(38388, 'COD10', 1, 1, 'JOSÉ ELÍAS', 'AGUILAR', 'SILVA', 1, '02897354', NULL),
(38389, 'COD11', 1, 1, 'MIGUEL ALBERTO', 'AGUIRRE', 'SANDOVAL', 1, '06072949', NULL),
(38390, 'COD14', 1, 1, 'GILBERTO', 'ALCEDO', 'VEGAS', 1, '06594220', NULL),
(38391, 'COD15', 1, 1, 'WALTER', 'ALDANA', 'HEREDIA', 1, '25685049', NULL),
(38392, 'COD16', 1, 1, 'VÍCTOR ALFREDO', 'ALFARO', 'HERRERA', 1, '18887003', NULL),
(38393, 'COD19', 1, 1, 'ROSA', 'ALJOBIN', 'TEJADA', 1, '17575082', NULL),
(38394, 'COD20', 1, 1, 'HUGO NICANOR', 'ALMEIDA', 'BOADA', 1, '07958073', NULL),
(38395, 'COD22', 1, 1, 'HENMER', 'ALVA', 'NEYRA', 1, '08338281', NULL),
(38396, 'COD25', 1, 1, 'JUAN', 'ALVAREZ', 'RAVELO', 1, '32521523', NULL),
(38397, 'COD26', 1, 1, 'NAIN', 'AMARO', 'ZEVALLOS', 1, '19916945', NULL),
(38398, 'COD29', 1, 1, 'CRHISTIAN WALTER', 'AMPUERO', 'TAPIA', 1, '41759363', NULL),
(38399, 'COD33', 1, 1, 'PEDRO JAVIER', 'ANTICONA', 'ENRIQUEZ', 1, '09191493', NULL),
(38400, 'COD36', 1, 1, 'MARCO ANTONIO', 'APAZA', 'MESONES', 1, '10329173', NULL),
(38401, 'COD37', 1, 1, 'JIMMY HAMILTON', 'APOLIN', 'MONTES', 1, '31676368', NULL),
(38402, 'COD38', 1, 1, 'ANA JOHANA', 'AQUIJE', 'BRAVO', 1, '40552404', NULL),
(38403, 'COD41', 1, 1, 'LORENA ROSA ANGELA', 'ARANCIBIA', 'NOVOA', 1, '09541416', NULL),
(38404, 'COD42', 1, 1, 'PERCY ANIBAL', 'ARAUJO', 'GOMEZ', 1, '09389509', NULL),
(38405, 'COD43', 1, 1, 'JULIO ALBERTO', 'ARBILDO', 'LOPEZ', 1, '08948621', NULL),
(38406, 'COD44', 1, 1, 'LUCIA BERTHA', 'ARCE', 'FLORES', 1, '06983998', NULL),
(38407, 'COD48', 1, 1, 'CARLOS', 'ARIAS', 'RAMOS', 1, '06836030', NULL),
(38408, 'COD51', 1, 1, 'PAULA JESSICA', 'ARRIAGA', 'ULLOA', 1, '10789650', NULL),
(38409, 'COD55', 1, 1, 'JAIME MARCOS', 'ASIAN', 'DOMINGUEZ', 1, '16614704', NULL),
(38410, 'COD56', 1, 1, 'ROBERTO DALÍ', 'ATOCHA', 'BARTRA', 1, '40957409', NULL),
(38411, 'COD57', 1, 1, 'LUISA ENRIQUETA', 'ÁVILA', 'DE CARRANZA', 1, '08756870', NULL),
(38412, 'COD60', 1, 1, 'LILIAN FLORMIDA', 'AZAÑERO', 'DEGOLLAR', 1, '10299565', NULL),
(38413, 'COD62', 1, 1, 'JUAN JOSE', 'BALLEN', 'ROSSELLO', 1, '10316927', NULL),
(38414, 'COD67', 1, 1, 'JOSE ARNALDO', 'BARREDA', 'SANDOVAL', 1, '07919324', NULL),
(38415, 'COD68', 1, 1, 'SONIA SOLEDAD', 'BARRIOS', 'FORONDA', 1, '08569017', NULL),
(38416, 'COD69', 1, 1, 'MARCO ELEAZAR', 'BARRON', 'CERNA', 1, '06217095', NULL),
(38417, 'COD70', 1, 1, 'CLAUDIA YSABEL', 'BARRUETO', 'CARRILLO', 1, '40959232', NULL),
(38418, 'COD71', 1, 1, 'ARTURO FRANCISCO', 'BASUALDO', 'HILARIO', 1, '40772483', NULL),
(38419, 'COD75', 1, 1, 'FELIX JULIÁN', 'BEDOYA', 'JURADO', 1, '06149849  ', NULL),
(38420, 'COD79', 1, 1, 'CESAR AUGUSTO', 'BERRIOS', 'ORDOÑEZ', 1, '09183898', NULL),
(38421, 'COD81', 1, 1, 'ALBERTO', 'BLAS', 'ORTIZ', 1, '41364970', NULL),
(38422, 'COD84', 1, 1, 'ERIKA MARGARITA', 'BOCANEGRA', 'TORRES', 1, '10373257', NULL),
(38423, 'COD86', 1, 1, 'JHON RICHAR', 'BORJA', 'RAMOS', 1, '40728893', NULL),
(38424, 'COD87', 1, 1, 'SERGIO ALEXANDER', 'BORJAS', 'TALLEDO', 1, '06998332', NULL),
(38425, 'COD89', 1, 1, 'WILMER GREGORIO', 'BRAVO', 'CONTRERAS', 1, '09285681', NULL),
(38426, 'COD99', 1, 1, 'JOSÉ MIGUEL', 'CABRERA', 'VALENCIA', 1, '09997687', NULL),
(38427, 'COD101', 1, 1, 'BALTAZAR', 'CACHAY', 'VILCA', 1, '10681043', NULL),
(38428, 'COD102', 1, 1, 'AUREA HERMELINDA', 'CADILLO', 'VILLAFRANCA', 1, '32397333', NULL),
(38429, 'COD103', 1, 1, 'SONIA MONICA', 'CALDAS', 'CASTAÑEDA', 1, '09892836', NULL),
(38430, 'COD106', 1, 1, 'ANA MARÍA', 'CALLER', 'FERREYROS', 1, '10265384', NULL),
(38431, 'COD107', 1, 1, 'DONY ARTURO', 'CALLUPE', 'LAUREANO', 1, '41903450', NULL),
(38432, 'COD108', 1, 1, 'JORGE LUIS', 'CALOGGERO', 'ENCINA', 1, '09392125', NULL),
(38433, 'COD110', 1, 1, 'ADEGUNDO MARIO', 'CAMARA', 'FIGUEROA', 1, '09095759', NULL),
(38434, 'COD112', 1, 1, 'WALTER PEDRO', 'CANALES', 'HERRADA', 1, '03896291', NULL),
(38435, 'COD114', 1, 1, 'ROSA MERCEDES', 'CANDIA', 'MIRANDA', 1, '42176475', NULL),
(38436, 'COD115', 1, 1, 'CARMEN ELENA JANIT', 'CANO DEL CARPIO', 'DE ORTIZ DE ZEVALLOS', 1, '30849846', NULL),
(38437, 'COD116', 1, 1, 'FAUSTINO RICARDO', 'CAPRA', 'GRANADOS', 1, '06919159', NULL),
(38438, 'COD118', 1, 1, 'HORMECINDA ESTHER', 'CARDENAS', 'ALVAREZ', 1, '000000000', NULL),
(38439, 'COD121', 1, 1, 'EMERSON VLADIMIRO', 'CARRANZA', 'RICRA', 1, '40247551', NULL),
(38440, 'COD123', 1, 1, 'RAUL DANIEL', 'CARRASCO', 'CLAVIJO', 1, '25683638', NULL),
(38441, 'COD125', 1, 1, 'BENEDICTO', 'CARRIÓN', 'GUZMÁN', 1, '06900592  ', NULL),
(38442, 'COD126', 1, 1, 'JACKELINE MARIBEL', 'CASTAÑEDA', 'DEL CASTILLO', 1, '26682606', NULL),
(38443, 'COD127', 1, 1, 'VLADO ERICK', 'CASTAÑEDA', 'GONZALES', 1, '19256480', NULL),
(38444, 'COD129', 1, 1, 'LILIANA ELENA', 'CASTELLANOS', 'CACERES', 1, '08842901', NULL),
(38445, 'COD132', 1, 1, 'MERCEDES PILAR', 'CASTILLO', 'CARMONA', 1, '07260002', NULL),
(38446, 'COD133', 1, 1, 'JANET', 'CASTILLO', 'GAYOSO', 1, '25766441', NULL),
(38447, 'COD135', 1, 1, 'NÉSTOR RICARDO', 'CASTILLO', 'RISCO', 1, '09563622', NULL),
(38448, 'COD137', 1, 1, 'JAVIER GUSTAVO', 'CASTRO', 'ALCANTARA', 1, '15730496', NULL),
(38449, 'COD138', 1, 1, 'RICARDO RAUL', 'CASTRO', 'BELAPATIÑO', 1, '08329550', NULL),
(38450, 'COD142', 1, 1, 'MARIA', 'CASTRO', 'PISFIL', 1, '08550067', NULL),
(38451, 'COD144', 1, 1, 'CARLOS ALBERTO', 'CASTRO', 'SILVESTRE', 1, '07865638', NULL),
(38452, 'COD145', 1, 1, 'SANDRA SILVIA', 'CASTRO', 'TOVAR', 1, '09943033', NULL),
(38453, 'COD150', 1, 1, 'WILLIAM', 'CHAMBI', 'HUALPA', 1, '01310401', NULL),
(38454, 'COD156', 1, 1, 'LIZETH MARITZA', 'CHARAJA', 'VILCA', 1, '42426900', NULL),
(38455, 'COD159', 1, 1, 'ROSANA', 'CHAVEZ', 'FIRMA', 1, '22702696', NULL),
(38456, 'COD161', 1, 1, 'NILDA MILAGRITOS', 'CHIA', 'LOPEZ', 1, '25744683', NULL),
(38457, 'COD165', 1, 1, 'WALTER ABEL', 'CHINININ', 'DONGO', 1, '10637602', NULL),
(38458, 'COD166', 1, 1, 'JUAN EDWIN', 'CHIPANA', 'CONDORI', 1, '40803128', NULL),
(38459, 'COD167', 1, 1, 'CARLOS JESÚS', 'CHUI', 'ESCAJADILLO', 1, '08207717', NULL),
(38460, 'COD168', 1, 1, 'JAVIER FERNANDO', 'CHUMAN', 'SÁNCHEZ', 1, '09676929', NULL),
(38461, 'COD169', 1, 1, 'MARIA DEL CARMEN', 'CLAVIJO', 'PORTUGAL', 1, '41209298', NULL),
(38462, 'COD170', 1, 1, 'PABLO', 'COCK', 'GASTAÑETA', 1, '07916988', NULL),
(38463, 'COD172', 1, 1, 'CARLO ANTONIO', 'COLOMA', 'MILANTA', 1, '07644015', NULL),
(38464, 'COD173', 1, 1, 'NAPOLEON', 'CONDEZO', 'PARIONA', 1, '09102726', NULL),
(38465, 'COD175', 1, 1, 'EDWIN', 'CORAQUILLO', 'AYALA', 1, '10680843  ', NULL),
(38466, 'COD176', 1, 1, 'JESÚS MARÍA DEL CARMEN', 'CÓRDOVA', 'MORENO', 1, '09435295', NULL),
(38467, 'COD177', 1, 1, 'CELIA GLADYS', 'CORNEJO', 'MANRIQUE', 1, '07814632', NULL),
(38468, 'COD178', 1, 1, 'CARLOS ALBERTO', 'CORONA', 'CHAVEZ', 1, '40033418', NULL),
(38469, 'COD179', 1, 1, 'DELIA CECILIA', 'CORONADO', 'LA TORRE', 1, '09648161', NULL),
(38470, 'COD181', 1, 1, 'ROSSANA FLORA', 'CORTIJO', 'TRAVERSO', 1, '07358649', NULL),
(38471, 'COD184', 1, 1, 'JAVIER MARTÍN', 'CUBA', 'VELAOCHAGA', 1, '09854260', NULL),
(38472, 'COD186', 1, 1, 'LUISA HERMINIA', 'CUEVA', 'OBANDO', 1, '07261798', NULL),
(38473, 'COD187', 1, 1, 'FLOR YOVANA', 'CURO', 'LÓPEZ', 1, '09657614', NULL),
(38474, 'COD191', 1, 1, 'JACKELYN SUSAN', 'DAPINO', 'ALVAREZ', 1, '42471354', NULL),
(38475, 'COD192', 1, 1, 'CARLOS', 'DARGENT', 'CHAMOT', 1, '08776806', NULL),
(38476, 'COD195', 1, 1, 'JULIA DEL ROSARIO', 'DE LA GALA', 'HIDALGO', 1, '09865979', NULL),
(38477, 'COD198', 1, 1, 'LIDA', 'DEL AGUILA', 'CARDENAS', 1, '00086159', NULL),
(38478, 'COD200', 1, 1, 'ADRIAN LUIS RAMÓN', 'DELGADO', 'MARCHELLO', 1, '06657725', NULL),
(38479, 'COD201', 1, 1, 'ELMER', 'DIAZ', 'CORREA', 1, '06068057  ', NULL),
(38480, 'COD203', 1, 1, 'ROSA DE FATIMA', 'DIAZ', 'DIAZ', 1, '07803789', NULL),
(38481, 'COD205', 1, 1, 'GERARDO TOMÁS', 'DIAZ', 'TRUJILLO', 1, '06744873  ', NULL),
(38482, 'COD211', 1, 1, 'DIANA', 'DULANTO', 'SEDO', 1, '07248537', NULL),
(38483, 'COD214', 1, 1, 'IVONNE', 'ECHEVARRIA', 'HURTADO', 1, '40087756', NULL),
(38484, 'COD216', 1, 1, 'MARÍA AMALIA', 'ENCISO', 'SORIA', 1, '09447560', NULL),
(38485, 'COD218', 1, 1, 'TEOBALDO NEY', 'ESPEJO', 'NUÑEZ', 1, '07886274', NULL),
(38486, 'COD220', 1, 1, 'JAVIER ROBERTO', 'ESPINOZA', 'AGUILAR', 1, '07248383', NULL),
(38487, 'COD221', 1, 1, 'MELISSA HAYDEE', 'ESPINOZA', 'BUENO', 1, '41564250', NULL),
(38488, 'COD222', 1, 1, 'ANA MELBA', 'ESPINOZA', 'HUAMAYALLI', 1, '09415196', NULL),
(38489, 'COD224', 1, 1, 'BETTY DORIS', 'ESPINOZA', 'VILLANUEVA', 1, '06597021', NULL),
(38490, 'COD225', 1, 1, 'EDER NILSON', 'ESQUIVES', 'CAJAN', 1, '10455568', NULL),
(38491, 'COD226', 1, 1, 'MARIELLA ROMINA', 'ESTACIO', 'AGUIRRE', 1, '07456219', NULL),
(38492, 'COD228', 1, 1, 'FERNANDO ANTONIO', 'ESTRADA', 'VIVANCO', 1, '08780499', NULL),
(38493, 'COD231', 1, 1, 'RODOLFO', 'FARFAN', 'NUÑEZ', 1, '07583161', NULL),
(38494, 'COD232', 1, 1, 'DELIA AIDA', 'FARJE', 'PALMA', 1, '07968787', NULL),
(38495, 'COD233', 1, 1, 'EDUARDO', 'FARRO', 'PAREDES', 1, '08637766', NULL),
(38496, 'COD234', 1, 1, 'ALDO', 'FERNANDEZ', 'ANDRADE', 1, '09594857', NULL),
(38497, 'COD237', 1, 1, 'NORMA', 'FERNANDEZ', 'HAINES', 1, '08085991', NULL),
(38498, 'COD239', 1, 1, 'JORGE CÉSAR', 'FERRADAS', 'NUÑEZ', 1, '18022424', NULL),
(38499, 'COD244', 1, 1, 'JORGE ERNESTO', 'FIGUEROA', 'CORNEJO', 1, '07533273', NULL),
(38500, 'COD245', 1, 1, 'JORGE EDUARDO', 'FIGUEROA', 'GUZMAN', 1, '07926217', NULL),
(38501, 'COD250', 1, 1, 'ROSA YRENE', 'FLORES', 'JAVIER', 1, '42856469', NULL),
(38502, 'COD251', 1, 1, 'EDUARDO JUAN', 'FLORES', 'NORIEGA', 1, '06005171', NULL),
(38503, 'COD253', 1, 1, 'MARIA SOLEDAD', 'FLORES', 'VASQUEZ', 1, '15612827', NULL),
(38504, 'COD256', 1, 1, 'JUBITZA', 'FRANCISKOVIC', 'INGUNZA', 1, '06631567', NULL),
(38505, 'COD257', 1, 1, 'AGNES', 'FRANCO', 'TEMPLE', 1, '06212588', NULL),
(38506, 'COD263', 1, 1, 'WALTER', 'GALLARDO', 'VELÁSQUEZ', 1, '08980166', NULL),
(38507, 'COD264', 1, 1, 'CARLOS MANUEL', 'GALLEGOS', 'PUMA', 1, '06965019', NULL),
(38508, 'COD265', 1, 1, 'MILAGROS GLORIA IVETTE', 'GAMARRA', 'PALACIOS', 1, '09490661', NULL),
(38509, 'COD267', 1, 1, 'GIANNINA PATRICIA', 'GAMIO', 'FRANCO', 1, '09296747', NULL),
(38510, 'COD269', 1, 1, 'MARIA DEL CARMEN', 'GARCIA', 'CURI', 1, '25754955', NULL),
(38511, 'COD276', 1, 1, 'ANA RITA', 'GAURET', 'NOVOA', 1, '10007164', NULL),
(38512, 'COD278', 1, 1, 'LUIS', 'GIAMPETRI', 'ROJAS', 1, '00000141', NULL),
(38513, 'COD279', 1, 1, 'GUIDO MARTI', 'GIHUA', 'PISCONTI', 1, '21571318', NULL),
(38514, 'COD281', 1, 1, 'JUAN PABLO', 'GOICOCHEA', 'READI', 1, '10319822', NULL),
(38515, 'COD284', 1, 1, 'JAVIER ESTEBAN', 'GONZALES', 'DONAYRE', 1, '25744090', NULL),
(38516, 'COD285', 1, 1, 'SERGIO', 'GONZALEZ', 'GUERRERO', 1, '28307040', NULL),
(38517, 'COD286', 1, 1, 'JOSE BERARDO', 'GONZALES', 'INCIO', 1, '08117765', NULL),
(38518, 'COD288', 1, 1, 'RAUL RUBEN', 'GONZALES', 'SOLANO', 1, '07416844', NULL),
(38519, 'COD290', 1, 1, 'ANERIA', 'GRANDEZ', 'GONZALES', 1, '06303464', NULL),
(38520, 'COD292', 1, 1, 'ERLINDA', 'GRAUS', 'GUEVARA', 1, '25527341', NULL),
(38521, 'COD295', 1, 1, 'DORIAN ARÍSTIDES', 'GUERRA', 'PORTOCARRERO', 1, '09377665', NULL),
(38522, 'COD296', 1, 1, 'ROSA PALMIRA', 'GUERRA', 'RODRIGUEZ', 1, '07605618', NULL),
(38523, 'COD297', 1, 1, 'LUIS FERNANDO', 'GUERRERO', 'SIANCAS', 1, '07927395', NULL),
(38524, 'COD298', 1, 1, 'JUAN ALBERTO', 'GUTIERREZ', 'ANTÓN', 1, '06242720', NULL),
(38525, 'COD301', 1, 1, 'KYRA', 'HAMANN', 'TURKOWSKY', 1, '10223507', NULL),
(38526, 'COD306', 1, 1, 'JOSE AUDAR', 'HERRERA', 'JARA', 1, '10536464', NULL),
(38527, 'COD307', 1, 1, 'LUIS FERNANDO', 'HINOSTROZA', 'VEGA', 1, '80573607', NULL),
(38528, 'COD308', 1, 1, 'VICTOR ANDRES', 'HOSTOS', 'CHUMPITAZI', 1, '08137560', NULL),
(38529, 'COD311', 1, 1, 'LUCINDA VERONIKA', 'HUAMAN', 'TRONCOS', 1, '10688042', NULL),
(38530, 'COD320', 1, 1, 'MERCEDES LEONOR', 'IBÁÑEZ', 'HUAMÁN', 1, '10181898', NULL),
(38531, 'COD324', 1, 1, 'MORAIMA ROSA ELENA', 'INGAROCA', 'FIGUEROA', 1, '07247291', NULL),
(38532, 'COD325', 1, 1, 'NIDIA NINITZA', 'IRURETA', 'SALVATIERRA', 1, '40233964', NULL),
(38533, 'COD326', 1, 1, 'ENRIQUE OSCAR', 'ISHARA', 'NAKASONE', 1, '10792004', NULL),
(38534, 'COD329', 1, 1, 'KATHERIN ELIZABETH', 'JÁCOME', 'ZÁRATE', 1, '09947049', NULL),
(38535, 'COD330', 1, 1, 'YONEL FRANCISCO', 'JARA', 'ESPINOZA', 1, '41663055', NULL),
(38536, 'COD331', 1, 1, 'RAYDA RUTH', 'JERONIMO', 'ZACARIAS', 1, '07397508', NULL),
(38537, 'COD333', 1, 1, 'MÓNICA BEATRIZ', 'JUÁREZ', 'LÓPEZ', 1, '40813408', NULL),
(38538, 'COD334', 1, 1, 'IVONNE MAFALDA', 'JUSCAMAYTA', 'DIAZ', 1, '07584277', NULL),
(38539, 'COD335', 1, 1, 'RUTH MARILYN', 'JUSTINIANO', 'RAMIREZ', 1, '40921561', NULL),
(38540, 'COD337', 1, 1, 'MONICA HARUMI', 'KONNO', 'NISHIMURA', 1, '41441060', NULL),
(38541, 'COD340', 1, 1, 'TEODOMIRO EDGAR', 'LANDEO', 'TORRE', 1, '09934588', NULL),
(38542, 'COD346', 1, 1, 'CHRISTIAM ALBERTO', 'LAURA', 'PRADA', 1, '10538577', NULL),
(38543, 'COD348', 1, 1, 'SARA', 'LAVADO', 'ROJAS', 1, '06173003', NULL),
(38544, 'COD354', 1, 1, 'CARLOS', 'LEON', 'ALZAMORA', 1, '06869222', NULL),
(38545, 'COD357', 1, 1, 'CARLOS ALBERTO', 'LEÓN', 'ESPINOZA', 1, '40425610', NULL),
(38546, 'COD358', 1, 1, 'LUIS ALBERTO', 'LEON', 'FLORES', 1, '07213861', NULL),
(38547, 'COD359', 1, 1, 'CESAR ENRIQUE', 'LEON', 'PEREIRA', 1, '10677609', NULL),
(38548, 'COD361', 1, 1, 'ANA LUISA', 'LÉVANO', 'ALFARO', 1, '32905146', NULL),
(38549, 'COD367', 1, 1, 'ALEJANDRO ARISTIDES', 'LINARES', 'NEYRA', 1, '09147733', NULL),
(38550, 'COD368', 1, 1, 'EDITH ZENOBIA', 'LINARES', 'TRILLO', 1, '06564667', NULL),
(38551, 'COD369', 1, 1, 'DANTE BETHOVEN', 'LINDO', 'GUTARRA', 1, '06077250', NULL),
(38552, 'COD371', 1, 1, 'MARTHA ELIZABETH', 'LINO', 'RODRIGUEZ', 1, '06151223', NULL),
(38553, 'COD373', 1, 1, 'EDGAR ANDRÉS', 'LIRA', 'CASAS', 1, '08584942', NULL),
(38554, 'COD376', 1, 1, 'JULIO MIGUEL', 'LOAYZA', 'ARAMBURU', 1, '07512851', NULL),
(38555, 'COD377', 1, 1, 'CECILIA', 'LOAYZA', 'MILLER', 1, '10288290', NULL),
(38556, 'COD378', 1, 1, 'MANUEL JESUS', 'LOBATON', 'DIAZ', 1, '15953500', NULL),
(38557, 'COD379', 1, 1, 'PEDRO', 'LOBO', 'RAMOS', 1, '08787344', NULL),
(38558, 'COD380', 1, 1, 'JUAN ANTONIO', 'LOCK', 'OYANGUREN', 1, '06803373', NULL),
(38559, 'COD384', 1, 1, 'OMAR', 'LOPEZ', 'CUSI', 1, '29726088', NULL),
(38560, 'COD391', 1, 1, 'JORGE LUIS', 'LUNA', 'REGAL', 1, '06631756', NULL),
(38561, 'COD392', 1, 1, 'VÍCTOR MANUEL', 'MACEDO', 'ALVAREZ', 1, '07557714', NULL),
(38562, 'COD393', 1, 1, 'SOFIA', 'MACHER', 'BATANERO', 1, '07183465', NULL),
(38563, 'COD394', 1, 1, 'PEDRO JAVIER', 'MADRID', 'MOSQUERA', 1, '08881742', NULL),
(38564, 'COD398', 1, 1, 'RICARDO', 'MALDONADO', 'RODRIGUEZ', 1, '43223339', NULL),
(38565, 'COD399', 1, 1, 'LUIS ENRIQUE', 'MALPARTIDA', 'CÁRPENA', 1, '06449737', NULL),
(38566, 'COD400', 1, 1, 'LUIS ENRIQUE', 'MANCO', 'CUYA', 1, '15415739', NULL),
(38567, 'COD402', 1, 1, 'JUAN JOSE', 'MARIN', 'GALVEZ', 1, '09876205', NULL),
(38568, 'COD404', 1, 1, 'WILLIAM DAVID', 'MARIN', 'VICENTE', 1, '08158258', NULL),
(38569, 'COD405', 1, 1, 'EDWIN NEIL', 'MARINA', 'TRIGOSO', 1, '01132049', NULL),
(38570, 'COD408', 1, 1, 'HILDA OLINDA', 'MARTINEZ', 'AGUILAR', 1, '09069829', NULL),
(38571, 'COD411', 1, 1, 'JOSÉ NERI', 'MARTÍNEZ', 'VILLARREAL', 1, '40585320', NULL),
(38572, 'COD413', 1, 1, 'CARLOS LUIGI FRANCO', 'MAZZETTI', 'VALDIVIA', 1, '09393494', NULL),
(38573, 'COD414', 1, 1, 'SOFÍA INÉS', 'MEDRANO', 'MONTESINOS', 1, '15611140', NULL),
(38574, 'COD415', 1, 1, 'MARJORIE ELISENE ROSA', 'MELGAR', 'ZEVALLOS', 1, '09834869', NULL),
(38575, 'COD424', 1, 1, 'TERESA DEL SOCORRO', 'MESONES', 'SALINAS DE MACERA', 1, '08717505', NULL),
(38576, 'COD429', 1, 1, 'WILSON ANDRES', 'MIRANDA', 'FOURNIER', 1, '10282548', NULL),
(38577, 'COD430', 1, 1, 'GOTARDO VICTORIANO', 'MIRANDA', 'GUTIERREZ', 1, '28292395', NULL),
(38578, 'COD434', 1, 1, 'RUFINO', 'MONTECINO', 'RAMÍREZ', 1, '06956175', NULL),
(38579, 'COD438', 1, 1, 'ERICK DANIEL', 'MONZON', 'CASTILLO', 1, '41474614', NULL),
(38580, 'COD440', 1, 1, 'LUIS ENRIQUE', 'MORALES', 'JAIME', 1, '09156256', NULL),
(38581, 'COD443', 1, 1, 'MARIA FRANCISCA', 'MOSCOL', 'MELGAREJO', 1, '06822241', NULL),
(38582, 'COD444', 1, 1, 'GERALDINE ELIA DENISE', 'MOUCHARD', 'INFANTES', 1, '09539051', NULL),
(38583, 'COD445', 1, 1, 'JESÚS DIMAS', 'MUCHAYPIÑA', 'PORTILLA', 1, '06170697  ', NULL),
(38584, 'COD446', 1, 1, 'CARLOS ENRIQUE', 'MULLER', 'RODRÍGUEZ', 1, '07616452', NULL),
(38585, 'COD447', 1, 1, 'FABIO ALFONSO', 'MUNARRIZ', 'PAZOS', 1, '07967347', NULL),
(38586, 'COD449', 1, 1, 'MIRTHA GRACIA', 'MUÑOZ', 'GUERRA', 1, '08472621', NULL),
(38587, 'COD450', 1, 1, 'PATRICIA EMILIA', 'MUÑOZ', 'TAPIA', 1, '07291090', NULL),
(38588, 'COD451', 1, 1, 'MARTHA TERESA', 'MURILLO', 'JULCA', 1, '08073581', NULL),
(38589, 'COD452', 1, 1, 'VERONICA IRMA', 'NAKASHIMA', 'BENAVENTE', 1, '09558161', NULL),
(38590, 'COD453', 1, 1, 'FERNANDO ERIBERTO', 'NANGLES', 'CAMPOS', 1, '25828043', NULL),
(38591, 'COD456', 1, 1, 'ELIZABETH CECILIA', 'NAVARRO', 'BARRENO', 1, '07332581', NULL),
(38592, 'COD461', 1, 1, 'VALERY FABIO', 'NIÑO DE GUZMAN', 'PAREDES', 1, '25000610', NULL),
(38593, 'COD463', 1, 1, 'MARIA DEL PILAR', 'NORIEGA', 'LOPEZ', 1, '10185102', NULL),
(38594, 'COD464', 1, 1, 'LUIS ENRIQUE', 'NUÑEZ', 'CORNEJO', 1, '29272114  ', NULL),
(38595, 'COD465', 1, 1, 'FERNANDO GASPAR', 'NUÑEZ', 'HOYOS', 1, '09070209', NULL),
(38596, 'COD467', 1, 1, 'CAROL ESTHER', 'ÑAÑEZ', 'ALDAZ', 1, '16773778', NULL),
(38597, 'COD473', 1, 1, 'MARTHA AMELIA', 'OLIVARES', 'LARRIEGA', 1, '07276541', NULL),
(38598, 'COD476', 1, 1, 'JORGE LUIS', 'ORDOÑEZ', 'HUAMAN', 1, '08102154', NULL),
(38599, 'COD477', 1, 1, 'MILUSHKA PAOLA', 'ORE', 'SARAVIA', 1, '09854686', NULL),
(38600, 'COD481', 1, 1, 'ALDO OMAR', 'ORTEGA', 'LOAYZA', 1, '10701318', NULL),
(38601, 'COD482', 1, 1, 'EDUARDO', 'ORTEGA', 'MARQUEZ', 1, '08247710', NULL),
(38602, 'COD487', 1, 1, 'ROSSY NELVA', 'OSORIO', 'SILVESTRE', 1, '40621426  ', NULL),
(38603, 'COD494', 1, 1, 'PATRICIA YMELDA', 'PACO', 'FERNÁNDEZ', 1, '09331797', NULL),
(38604, 'COD495', 1, 1, 'ALBERTO', 'PAJUELO', 'HUAMÁN', 1, '06747717', NULL),
(38605, 'COD501', 1, 1, 'IRIS', 'PALOMINO', 'RODRIGUEZ', 1, '10811445', NULL),
(38606, 'COD503', 1, 1, 'GROVER GERMAN', 'PANGO', 'VILDOSO', 1, '00470836', NULL),
(38607, 'COD504', 1, 1, 'JAVIER FRANCISCO', 'PANTA', 'SALAZAR', 1, '02636381', NULL),
(38608, 'COD505', 1, 1, 'MARIZOL', 'PANTOJA', 'MUÑOZ', 1, '09560091  ', NULL),
(38609, 'COD507', 1, 1, 'MARÍA GABRIELA', 'PAREDES', 'BERMEJO', 1, '40403245', NULL),
(38610, 'COD510', 1, 1, 'ARTURO', 'PARRA', 'RUIZ', 1, '40021305', NULL),
(38611, 'COD513', 1, 1, 'MARLENY JUNY', 'PAUCAR', 'IZQUIERDO', 1, '10145919', NULL),
(38612, 'COD514', 1, 1, 'CONSTANTINO', 'PAUCAR', 'VEGA', 1, '06011752', NULL),
(38613, 'COD520', 1, 1, 'MARIA FELICITA', 'PEÑA', 'WONG', 1, '21447893', NULL),
(38614, 'COD522', 1, 1, 'MIRKO LEONIDAS', 'PERALTILLA', 'MARTINEZ', 1, '07972769', NULL),
(38615, 'COD526', 1, 1, 'JUAN MARTIN', 'PERLACIOS', 'VARGAS', 1, '40306782', NULL),
(38616, 'COD530', 1, 1, 'FELIX ALCIDES', 'PINO', 'FIGUEROA', 1, '10605821', NULL),
(38617, 'COD531', 1, 1, 'EDUARDO ANTONIO', 'POLLERI', 'GALSOS', 1, '10416572', NULL),
(38618, 'COD533', 1, 1, 'MARIA ISABEL', 'PONCE DE LEON', 'HERRERA', 1, '06651441', NULL),
(38619, 'COD537', 1, 1, 'JUAN CARLOS', 'PRADO', 'HERREA', 1, '10734166', NULL),
(38620, 'COD540', 1, 1, 'ANIBAL', 'QUICAÑO', 'SALAZAR', 1, '09909962', NULL),
(38621, 'COD542', 1, 1, 'JOSE LUIS', 'QUIROGA', 'BECERRA', 1, '07802965', NULL),
(38622, 'COD546', 1, 1, 'PEDRO FELIPE', 'RAVELO', 'PALOMINO', 1, '09390308', NULL),
(38623, 'COD548', 1, 1, 'LUIS FELIPE', 'RAMÍREZ', 'GUERRERO', 1, '29428377', NULL),
(38624, 'COD549', 1, 1, 'CECILIA GABRIELA', 'RAMÍREZ', 'PEQUEÑO', 1, '10304026', NULL),
(38625, 'COD550', 1, 1, 'MALY ELIANA', 'RAMIREZ', 'RODRIGUEZ', 1, '23275021', NULL),
(38626, 'COD551', 1, 1, 'ANTONIO', 'RAMIREZ', 'VELÁSQUEZ', 1, '07762802', NULL),
(38627, 'COD552', 1, 1, 'ADRIANA ELIZABETH', 'RAMOS', 'RAMOS', 1, '43339151', NULL),
(38628, 'COD553', 1, 1, 'JULIO CESAR', 'RANGEL', 'SILVA', 1, '06146231', NULL),
(38629, 'COD555', 1, 1, 'SHIRLEY AMALIA', 'REATEGUI', 'LAYNES', 1, '10373226', NULL),
(38630, 'COD558', 1, 1, 'GASTON ROGER', 'REMY', 'LLACSA', 1, '09612175', NULL),
(38631, 'COD559', 1, 1, 'HILDA FELICIA', 'REQUENA', 'ACEVEDO DE AMPUERO', 1, '09204756', NULL),
(38632, 'COD563', 1, 1, 'ELIZABETH NELLY', 'REYES', 'TORRES', 1, '06917498', NULL),
(38633, 'COD564', 1, 1, 'VANESSA RAQUEL', 'REYES', 'VILLANUEVA', 1, '40420332', NULL),
(38634, 'COD565', 1, 1, 'MIGUEL', 'REYNA', 'HUANCAS', 1, '40444982', NULL),
(38635, 'COD568', 1, 1, 'BLANCA ELIZABETH', 'RIVA', 'FERNANDEZ', 1, '08474980', NULL),
(38636, 'COD573', 1, 1, 'CARMEN ROSA', 'ROCA', 'ORDINOLA', 1, '25511841  ', NULL),
(38637, 'COD575', 1, 1, 'MARCO IVÁN', 'RODRIGUEZ', 'AGUIRRE', 1, '18133458', NULL),
(38638, 'COD578', 1, 1, 'NELLY MARÍA', 'RODRIGUEZ', 'MENDOZA', 1, '07108788', NULL),
(38639, 'COD580', 1, 1, 'MARIA VIRGINIA', 'RODRIGUEZ', 'MOYANO', 1, '06250467', NULL),
(38640, 'COD584', 1, 1, 'NILDA EDITH', 'ROJAS', 'BOLÍVAR', 1, '08727494', NULL),
(38641, 'COD589', 1, 1, 'CARLOS ROBERTO', 'ROJAS', 'NEYRA', 1, '28313350', NULL),
(38642, 'COD593', 1, 1, 'MARÍA DEL ROSARIO', 'ROMANI', 'DIAZ', 1, '28291950', NULL),
(38643, 'COD594', 1, 1, 'JORGE AMADEO', 'ROMERO', 'ARANGO', 1, '07524355', NULL),
(38644, 'COD595', 1, 1, 'PEDRO', 'ROMERO', 'ASENCIO', 1, '09689571', NULL),
(38645, 'COD596', 1, 1, 'GILBERTO ENRIQUE', 'ROMERO', 'CARCELEN', 1, '07925151', NULL),
(38646, 'COD597', 1, 1, 'JOHN TULIO', 'ROMERO', 'LLOCLLA', 1, '06416537', NULL),
(38647, 'COD598', 1, 1, 'HUMBERTO HORACIO', 'ROMERO', 'VILLACORTA', 1, '10718041', NULL),
(38648, 'COD603', 1, 1, 'CARMEN MARUSIA', 'RUIZ', 'CARO REYES', 1, '23993260', NULL),
(38649, 'COD605', 1, 1, 'MONICA DIANA MARÍA', 'RUIZ', 'VEGA', 1, '07911850', NULL),
(38650, 'COD606', 1, 1, 'LUISA MARIA', 'RUIZ', 'VELÁSQUEZ', 1, '42791662', NULL),
(38651, 'COD609', 1, 1, 'MICHELL', 'SALDAÑA', 'BRIONES', 1, '40718195', NULL),
(38652, 'COD610', 1, 1, 'RAMON ENRIQUE JULIÁN', 'SALDIVAR', 'BOCANGEL', 1, '09150971', NULL),
(38653, 'COD611', 1, 1, 'VALERIANA NILA', 'SALINAS', 'GALLARDO', 1, '07362279', NULL),
(38654, 'COD612', 1, 1, 'PETRONILA ESTHER', 'SALINAS', 'REVOLLEDO', 1, '07347259', NULL),
(38655, 'COD613', 1, 1, 'LILIANA BETSY', 'SALINAS', 'YPARRAGUIRRE', 1, '25472118', NULL),
(38656, 'COD614', 1, 1, 'SEGUNDO FRANCO', 'SAMAME', 'MONTALVO', 1, '16563266', NULL),
(38657, 'COD615', 1, 1, 'LUIS MANUEL', 'SANCHEZ', 'AREVALO', 1, '06917499  ', NULL),
(38658, 'COD617', 1, 1, 'ERIKA PAOLA', 'SÁNCHEZ', 'CÁCERES', 1, '10202997  ', NULL),
(38659, 'COD622', 1, 1, 'LILIA ANGÉLICA', 'SÁNCHEZ', 'SÁNCHEZ', 1, '18069943', NULL),
(38660, 'COD628', 1, 1, 'VILMA INEZ', 'SCARSI', 'HURTADO', 1, '06739474', NULL),
(38661, 'COD633', 1, 1, 'NATTY', 'SIERRA', 'CÓRDOVA', 1, '31042379', NULL),
(38662, 'COD638', 1, 1, 'SOLEDAD VIRGINIA', 'SILVA', 'POLAR', 1, '06629613', NULL),
(38663, 'COD639', 1, 1, 'JUAN ANTONIO', 'SILVA', 'SOLOGUREN', 1, '07971882', NULL),
(38664, 'COD640', 1, 1, 'RUTH MAGDALENA', 'SIMON', 'GRADOS', 1, '09353846', NULL),
(38665, 'COD641', 1, 1, 'DORA TERESA', 'SOLARI', 'PACHECO', 1, '07825219', NULL),
(38666, 'COD642', 1, 1, 'WILFREDO SANTOS', 'SOLIS', 'TUPES', 1, '17925758', NULL),
(38667, 'COD643', 1, 1, 'LUCY ZORAIDA', 'SOLIS', 'VASQUEZ', 1, '28262180', NULL),
(38668, 'COD649', 1, 1, 'VICTOR MANUEL', 'SUAREZ', 'GUIMAREY', 1, '06094096', NULL),
(38669, 'COD652', 1, 1, 'MANUEL', 'SUAREZ', 'PALOMINO', 1, '40741888', NULL),
(38670, 'COD653', 1, 1, 'WILFREDO', 'TABRA', 'OSORIO', 1, '07848788', NULL),
(38671, 'COD655', 1, 1, 'PATRICIA ANTONIA', 'TALAVERA', 'FUENTES', 1, '40093756', NULL),
(38672, 'COD657', 1, 1, 'MILAGROS AZUCENA', 'TALLEDO', 'SILVA', 1, '07311191', NULL),
(38673, 'COD660', 1, 1, 'SERGIO CARLOS', 'TAPIA', 'TAPIA', 1, '10490567', NULL),
(38674, 'COD662', 1, 1, 'GILMER EDILBERTO', 'TAQUIRI', 'YUPANQUI', 1, '07219901', NULL),
(38675, 'COD665', 1, 1, 'FREDY FELIX', 'TEJADA', 'MURILLO', 1, '09517188', NULL),
(38676, 'COD667', 1, 1, 'HERNAN ROBERTO', 'TENICELA', 'NINAMANGO', 1, '41581215', NULL),
(38677, 'COD668', 1, 1, 'ELSA LILIANA', 'TERRONES', 'LOPEZ', 1, '07582298', NULL),
(38678, 'COD669', 1, 1, 'CARMEN', 'TERUKINA', 'TOMA', 1, '08106918', NULL),
(38679, 'COD672', 1, 1, 'ARCÁNGEL RUDECINDO', 'TORRES', 'MENACHO', 1, '09612635', NULL),
(38680, 'COD673', 1, 1, 'LUZ MERCEDES', 'TORRES', 'ORTEGA', 1, '10812042  ', NULL),
(38681, 'COD675', 1, 1, 'BLANCA', 'TORRES', 'SIFUENTES', 1, '08588416', NULL),
(38682, 'COD678', 1, 1, 'FANOR NERY', 'TOVAR', 'MEZA', 1, '07578257', NULL),
(38683, 'COD682', 1, 1, 'LIZET MILAGROS MELISSA', 'UCEDA', 'SANDOVAL', 1, '40769162', NULL),
(38684, 'COD683', 1, 1, 'GENARA', 'UGARTE', 'LOAIZA', 1, '31000277', NULL),
(38685, 'COD684', 1, 1, 'JORGE HUMBERTO', 'URBANO', 'NACIMIENTO', 1, '28315487', NULL),
(38686, 'COD685', 1, 1, 'RITA CECILIA', 'URIARTE', 'MARIANI', 1, '00428421', NULL),
(38687, 'COD690', 1, 1, 'NELLY FLOR DE MARIA', 'VALDERRAMA', 'CRUZ', 1, '25639999', NULL),
(38688, 'COD691', 1, 1, 'MARIA LUISA', 'VALDEZ', 'BORTESI', 1, '08274832', NULL),
(38689, 'COD701', 1, 1, 'RONALD RAÚL', 'VALLADARES', 'ALCAS', 1, '08160717', NULL),
(38690, 'COD703', 1, 1, 'ARTEMIO GUILLERMO', 'VALLEJO', 'CHAVEZ', 1, '06148974', NULL),
(38691, 'COD707', 1, 1, 'JORGE LUIS', 'VARGAS', 'FERNANDEZ', 1, '07461374', NULL),
(38692, 'COD708', 1, 1, 'JUAN CARLOS', 'VARGAS', 'GIANELLA', 1, '10288709', NULL),
(38693, 'COD711', 1, 1, 'NIDIA EDITH', 'VARGAS', 'ROJAS', 1, '07936825', NULL),
(38694, 'COD712', 1, 1, 'ZULEMA EMILIA', 'VARGAS', 'SOTOMAYOR', 1, '06020151', NULL),
(38695, 'COD713', 1, 1, 'RUTH ELENA', 'VARGAS', 'ZEVALLOS', 1, '07247306', NULL),
(38696, 'COD714', 1, 1, 'MARIA LUISA', 'VARILLAS', 'ARQUIÑIGO', 1, '06271880', NULL),
(38697, 'COD716', 1, 1, 'DELIA', 'VASQUEZ', 'CHUMBEZ', 1, '41521861', NULL),
(38698, 'COD718', 1, 1, 'ORLANDO', 'VASQUEZ', 'RUBIO', 1, '40050595', NULL),
(38699, 'COD720', 1, 1, 'KELLY SUSY', 'VEGA', 'GONZÁLES', 1, '40216062', NULL),
(38700, 'COD722', 1, 1, 'CARLOS ORLANDO', 'VEGA', 'MIRANDA', 1, '07264212', NULL),
(38701, 'COD726', 1, 1, 'JOSE', 'VELASQUEZ', 'ROMERO', 1, '06824579', NULL),
(38702, 'COD729', 1, 1, 'ALICIA', 'VELIZ', 'VERÁSTEGUI', 1, '09089611', NULL),
(38703, 'COD730', 1, 1, 'WILBER FERNANDO', 'VENEGAS', 'TORRES', 1, '31479445', NULL),
(38704, 'COD731', 1, 1, 'JOEL WILMAR', 'VENTOCILLA', 'QUIQUIA', 1, '10641720', NULL),
(38705, 'COD732', 1, 1, 'BETTY CARMELA', 'VERA', 'FALCONI', 1, '06222722  ', NULL),
(38706, 'COD733', 1, 1, 'CARLOS ALBERTO', 'VERA', 'TUDELA', 1, '10551018', NULL),
(38707, 'COD735', 1, 1, 'ANA CLORILDA   ', 'VICENTE', 'CASTRO', 1, '07944920', NULL),
(38708, 'COD736', 1, 1, 'ANDINA', 'VIDAL', 'ACUÑA', 1, '06741991', NULL),
(38709, 'COD737', 1, 1, 'JUSTINO', 'VIDELA', 'TINOCO', 1, '06009778', NULL),
(38710, 'COD738', 1, 1, 'CESAR', 'VILCHEZ', 'INGA', 1, '08672875', NULL),
(38711, 'COD740', 1, 1, 'CARMEN AURORA', 'VILDOSO', 'CHIRINOS', 1, '07247484', NULL),
(38712, 'COD741', 1, 1, 'ROGELIA ESPERANZA', 'VILLACORTA', 'MEZA', 1, '25711946', NULL),
(38713, 'COD742', 1, 1, 'ELIZABETH MARIA', 'VILLAFRANCA', 'VALLE', 1, '08096153', NULL),
(38714, 'COD743', 1, 1, 'IBIS DEL PILAR', 'VILLALOBOS', 'CAMPANA', 1, '40656030', NULL),
(38715, 'COD744', 1, 1, 'JOSE LUIS', 'VILLALOBOS', 'CASTILLO', 1, '41181797', NULL),
(38716, 'COD745', 1, 1, 'JOSE LENIO', 'VILLANUEVA', 'ALARCON', 1, '10172768', NULL),
(38718, 'COD750', 1, 1, 'JULISSA LISVETH', 'VILLAVICENCIO', 'LOZANO', 1, '09673620', NULL),
(38719, 'COD751', 1, 1, 'JESÚS FERNANDO', 'VILLEGAS', 'SAMANEZ', 1, '10291995', NULL),
(38720, 'COD754', 1, 1, 'LUIS ALBERTO', 'WETZELL', 'CÓNDOR', 1, '08596479', NULL),
(38721, 'COD755', 1, 1, 'ROSA AMELIA', 'WONG', 'CHANG', 1, '08208633', NULL),
(38722, 'COD758', 1, 1, 'JORGE DAVID', 'YARINSUECA', 'MUNCIBAY', 1, '07510452', NULL),
(38723, 'COD761', 1, 1, 'VIORIKA', 'ZAMBRANO', 'OLIVERA', 1, '40708610', NULL),
(38724, 'COD767', 1, 1, 'JORGE HABAT', 'ZEVALLOS', 'ERQUICIO', 1, '04016160', NULL),
(38725, 'COD770', 1, 1, 'DE LA PCM', 'PRESIDENTA DE LA', 'ASOCIACION DE DAMAS', 1, '06645309', NULL),
(38726, 'COD775', 1, 1, 'VÍCTOR RAÚL', 'CABALLERO', '', 1, '42227224', NULL),
(38727, 'COD776', 1, 1, 'JENNY', 'HUAMANÍ', 'CHUMPITAZ', 1, '40657112', NULL),
(38728, 'COD777', 1, 1, 'HILDEBRANDO IVAN', 'HIDALGO', 'ROMERO', 1, '09145157', NULL),
(38729, 'COD778', 1, 1, 'GABRIEL ANGEL', 'COLLAO', 'BECERRA', 1, '10064935', NULL),
(38730, 'COD779', 1, 1, 'MILAGROS GLADYS', 'NÚÑEZ', 'RIVERA', 1, '07214277', NULL),
(38731, 'COD780', 1, 1, 'WALTER LÁZARO', 'BEGAZO', 'PUENTE', 1, '07372792', NULL),
(38732, 'COD781', 1, 1, 'JORGE ENRIQUE', 'GOBITZ', 'MORALES', 1, '10318703', NULL),
(38733, 'COD782', 1, 1, 'JUAN MANUEL', 'CHAU', 'ELIAS', 1, '08187871', NULL),
(38734, 'COD783', 1, 1, 'PATRICIA', 'CACERES', 'LOPEZ', 1, '07826490', NULL),
(38735, 'COD785', 1, 1, 'KETTY', 'BALAREZO', 'MALATESTA', 1, '07517922', NULL),
(38736, 'COD786', 1, 1, 'ANDREA GERALDINE', 'ORTIZ', 'LAVADO', 1, '44657199', NULL),
(38737, 'COD788', 1, 1, 'EDUARDO', 'DE AMAT', 'MALÁSQUEZ', 1, '42100717', NULL),
(38738, 'COD789', 1, 1, 'HERBIG', 'AJALCRIÑA', 'CÁCERES', 1, '41524050', NULL),
(38739, 'COD790', 1, 1, 'LESLIE', 'PAUCAR', 'ALIAGA', 1, '42704950', NULL),
(38740, 'COD791', 1, 1, 'CESAR GUILLERMO', 'LAUPA', 'BUITRÓN', 1, '40121094', NULL),
(38741, 'COD793', 1, 1, 'IRMA MARTHA', 'LARCO', 'CABELLO', 1, '08240265', NULL),
(38742, 'COD795', 1, 1, 'NADIA', 'GARCÍA', 'CCALLOCUNTO', 1, '40818365', NULL),
(38743, 'COD796', 1, 1, 'ANA GABRIELA', 'SALAS', 'MORALES', 1, '08665851', NULL),
(38744, 'COD797', 1, 1, 'DIEGO', 'ALVARADO', 'MONTOYA', 1, '06532819', NULL),
(38745, 'COD800', 1, 1, 'DAVID', 'ALCOCER', 'PORTILLO', 1, '09915287', NULL),
(38746, 'COD802', 1, 1, 'YURI STEVE', 'VERTIZ', 'SÁNCHEZ', 1, '31681131', NULL),
(38747, 'COD804', 1, 1, 'RITA MARTA', 'GARAY', 'DE REBOSIO', 1, '10064074', NULL),
(38748, 'COD805', 1, 1, 'JULIO ERNESTO', 'SALAS', 'BECERRA', 1, '06767974', NULL),
(38749, 'COD806', 1, 1, 'ABRAHAM ELIAS', 'MUÑOZ', 'OYANGUREN', 1, '32925663', NULL),
(38750, 'COD807', 1, 1, 'JAIME ALCIDES', 'SAAVEDRA', 'VEGA', 1, '06875414', NULL),
(38751, 'COD808', 1, 1, 'LUIS ROBERTO', 'SUAREZ', 'GREY', 1, '41182278', NULL),
(38752, 'COD809', 1, 1, 'FERNANDO MANUEL', 'BOLUARTE', 'AGUIRRE', 1, '41436890', NULL),
(38753, 'COD810', 1, 1, 'MILAGROS PILAR', 'ESPINOZA', 'HUARPAYA', 1, '06263308', NULL),
(38754, 'COD811', 1, 1, 'LUIS', 'LIZARASO', 'AUCA', 1, '08628249', NULL),
(38755, 'COD812', 1, 1, 'MARVIN', 'RODRIGUEZ', 'CAPAYACHI', 1, '40789275', NULL),
(38756, 'COD813', 1, 1, 'ALEJANDRINA JULIA MARIA', 'DE OLARTE', 'TRUCIOS', 1, '08254346', NULL),
(38757, 'COD814', 1, 1, 'LIZ', 'ARTEAGA', 'MALLQUI', 1, '09871946', NULL),
(38758, 'COD815', 1, 1, 'JENNIFER LIZETTI', 'CONTRERAS', 'ALVAREZ', 1, '32961709', NULL),
(38759, 'COD816', 1, 1, 'LUIS ALBERTO', 'VILCHEZ', 'CÁCEDA', 1, '09864655', NULL),
(38760, 'COD817', 1, 1, 'ROSAMERY NELLY', 'BENITO', 'CONTRERAS', 1, '41608753', NULL),
(38761, 'COD818', 1, 1, 'LUZ ANGELICA', 'CIEZA', 'YAÑEZ', 1, '26600435', NULL),
(38762, 'COD819', 1, 1, 'MARIA ELENA', 'JACOME', 'VILLAREAL', 1, '31652408', NULL),
(38763, 'COD821', 1, 1, 'VERONICA LUCILA', 'SAEZ', 'BERROCAL', 1, '40657343', NULL),
(38764, 'COD822', 1, 1, 'SILVIA SARA', 'SAMAME', 'MANCILLA', 1, '08512673', NULL),
(38765, 'COD823', 1, 1, 'JEMI SHANKAR', 'SANCHEZ', 'PINEDO', 1, '40668126', NULL),
(38766, 'COD824', 1, 1, 'KARINA ELIZABETH', 'VILLODAS', 'SANTILLAN', 1, '41675655', NULL),
(38767, 'COD826', 1, 1, 'HENNRY CHRISTIAM', 'COTOS', 'CAMPEAN', 1, '10537136', NULL),
(38768, 'COD827', 1, 1, 'JOSE ANTONIO', 'DELFIN', 'JAIME', 1, '42890781', NULL),
(38769, 'COD828', 1, 1, 'CAROLINA JESSICA', 'CARLOS', 'REYES', 1, '09877145', NULL),
(38770, 'COD829', 1, 1, 'JORGE ALEJANDRO', 'CHUMPITAZ', 'HOYOS', 1, '08363288', NULL),
(38771, 'COD830', 1, 1, 'AMILCAR JOEL', 'PAREDES', 'GIRALDO', 1, '42146687', NULL),
(38772, 'COD844', 1, 1, 'MARIA DEL CARMEN', 'CARRANZA', 'SANCHEZ', 1, '07574861', NULL),
(38773, 'COD848', 1, 1, 'EMILIANO', 'CHIMORICH', 'CACERES DEL BUSTO', 1, '07883487', NULL),
(38774, 'COD852', 1, 1, 'DARWIN TEOFILO', 'EUFRACIO', 'LEON', 1, '09572556', NULL),
(38775, 'COD858', 1, 1, 'VICTOR RAUL', 'HOSPINAL', 'HUAYHUA', 1, '05408002', NULL),
(38776, 'COD866', 1, 1, 'MILCIADES FELIX', 'OCHOA', 'PACHAS', 1, '07588417', NULL),
(38777, 'COD891', 1, 1, 'ROSA ISABEL', 'ABAD', 'LEILA', 1, '20049289', NULL),
(38778, 'COD892', 1, 1, 'WILSON', 'AGUILAR', 'MODESTO', 1, '20066887', NULL),
(38779, 'COD893', 1, 1, 'ROSA ANTONIA', 'ALMONTE', 'GOMEZ', 1, '06217944', NULL),
(38780, 'COD894', 1, 1, 'JULIA ALICIA', 'ALPISTE', 'QUISPE', 1, '40058726', NULL),
(38781, 'COD895', 1, 1, 'JOSE LUIS', 'ALVAREZ', 'CHAVEZ', 1, '10812754', NULL),
(38782, 'COD897', 1, 1, 'VÍCTOR JOEL', 'ARAGÓN', 'VALLENAS', 1, '25000665', NULL),
(38783, 'COD899', 1, 1, 'SUSAN GIOVANA', 'ARCA', 'MENDOZA', 1, '41203230', NULL),
(38784, 'COD900', 1, 1, 'CARMEN LILIANA', 'ARROYO', 'MONTES', 1, '25712554', NULL),
(38785, 'COD901', 1, 1, 'VICTORIA GRACIELA', 'ARROYO', 'MOSCOSO', 1, '07966004', NULL),
(38786, 'COD902', 1, 1, 'LUIS FORTUNATO', 'ASCA', 'RODRIGUEZ', 1, '06276000', NULL),
(38787, 'COD905', 1, 1, 'ENRIQUE', 'BELLOTA', 'GUZMAN', 1, '23912434', NULL),
(38788, 'COD906', 1, 1, 'JOSE LUIS', 'BERNAOLA', 'ÑUFFLO', 1, '07022576', NULL),
(38789, 'COD907', 1, 1, 'SANTIAGO FERNANDO', 'BOCANEGRA', 'VELÁSQUEZ', 1, '19096637', NULL),
(38790, 'COD908', 1, 1, 'SERGIO ANTONIO', 'CALDERÓN', 'ROSSI', 1, '07862696', NULL),
(38791, 'COD909', 1, 1, 'LUZ ELIANA', 'CAMACHO', 'CÁRDENAS', 1, '40380176', NULL),
(38792, 'COD910', 1, 1, 'MARIA ANTONIA', 'CAMPOS', 'VARGAS', 1, '18860825', NULL),
(38793, 'COD911', 1, 1, 'CAHARIN ALBERTO', 'CAPARO', 'JARUFE', 1, '25726297', NULL),
(38794, 'COD912', 1, 1, 'NADIA SAMANTHA', 'CARREÑO', 'EGÚSQUIZA', 1, '40430118', NULL),
(38795, 'COD914', 1, 1, 'ROCÍO DEL PILAR', 'CHACÓN', 'ARANDA', 1, '80399315', NULL),
(38796, 'COD915', 1, 1, 'PERLA OLGA', 'CHANG', 'MARTÍNEZ', 1, '09640284', NULL),
(38797, 'COD916', 1, 1, 'MÓNICA PATRICIA', 'CHÁVEZ', 'ROJAS', 1, '09275351', NULL),
(38798, 'COD917', 1, 1, 'JULISSA', 'CHÁVEZ', 'SOTIL', 1, '09875288', NULL),
(38799, 'COD918', 1, 1, 'JESÚS', 'GARCIA', 'CHINCHERO', 1, '24003661', NULL),
(38800, 'COD919', 1, 1, 'VICTOR JAVIER', 'CHUMPITAZ', 'HUAPAYA', 1, '41816596', NULL),
(38801, 'COD920', 1, 1, 'EDITH NATIVIDAD', 'CHUQUIVAL', 'HIDALGO DE RUIZ', 1, '07808652', NULL),
(38802, 'COD922', 1, 1, 'NINOSKA', 'MOSQUEIRA', 'CORNEJO', 1, '23944407', NULL),
(38803, 'COD923', 1, 1, 'IRMA ROCÍO', 'DELGADO', 'SANTAMARINA', 1, '10317352', NULL),
(38804, 'COD925', 1, 1, 'LUIS ALBERTO', 'DONGO', 'ESPANTOSO', 1, '09156689', NULL),
(38805, 'COD926', 1, 1, 'ELIAS CESAR', 'ESCAFFI', 'KAHATT', 1, '10472580', NULL),
(38806, 'COD927', 1, 1, 'LUIS JAVIER', 'ESPINOZA', 'BATTISTINI', 1, '10312914', NULL),
(38807, 'COD928', 1, 1, 'CESAR MIGUEL', 'FIGUEROA', 'LIZA', 1, '10718324', NULL),
(38808, 'COD929', 1, 1, 'MILTON', 'FLORES', 'OJEDA', 1, '08156603', NULL),
(38809, 'COD930', 1, 1, 'DANIEL EDUARDO', 'GARCÍA', 'VÁSQUEZ', 1, '10558685', NULL),
(38810, 'COD931', 1, 1, 'LUIS SANTIAGO', 'GIACOMA', 'MACCHIAVELLO', 1, '09302176', NULL),
(38811, 'COD934', 1, 1, 'JUAN CARLOS', 'GONZALES', 'TACZA', 1, '20106653', NULL),
(38812, 'COD935', 1, 1, 'RAYDO RUBEN', 'GRADOS', 'CARASAS', 1, '07717384', NULL),
(38813, 'COD936', 1, 1, 'CARLOS ALBERTO', 'GUTIERREZ', 'CAHUAS', 1, '07266464', NULL),
(38814, 'COD937', 1, 1, 'JULIO ALBERTO', 'HENNINGS', 'OTOYA', 1, '08806920', NULL),
(38815, 'COD938', 1, 1, 'ALBERTO MANUEL', 'HEREDIA', 'UGARTE', 1, '41711037', NULL),
(38816, 'COD939', 1, 1, 'LUIS CLEMENTE', 'HINOSTROZA', 'HICHCAS', 1, '09588987', NULL),
(38817, 'COD940', 1, 1, 'CARMEN RUTH', 'IBÁRCENA', 'ESPINOZA', 1, '40919212', NULL),
(38818, 'COD941', 1, 1, 'LUIS ALBERTO', 'INGUNZA', 'PANDO', 1, '07201843', NULL),
(38819, 'COD943', 1, 1, 'JOSÉ', 'LARCO', 'DANOS', 1, '07797523', NULL),
(38820, 'COD944', 1, 1, 'ZELMAR', 'LARRAURI', 'SUELDO', 1, '07641039', NULL),
(38821, 'COD945', 1, 1, 'EDITH', 'LEÓN', 'BAUTISTA', 1, '41907320', NULL),
(38822, 'COD946', 1, 1, 'ELEONORA SOFÍA', 'LEÓN Y LEON', 'CASTAÑEDA', 1, '10277490', NULL),
(38823, 'COD947', 1, 1, 'CARLOS', 'LOPEZ', 'FABIAN', 1, '05401478', NULL),
(38824, 'COD948', 1, 1, 'CESAR CIRILO', 'LOPEZ', 'RAMOS', 1, '07596216', NULL),
(38825, 'COD950', 1, 1, 'JAVIER FERNANDO', 'MALDONADO', 'RAMÍREZ', 1, '41042504', NULL),
(38826, 'COD951', 1, 1, 'MARITZA', 'MAYO', '', 1, '07835728', NULL),
(38827, 'COD952', 1, 1, 'MARIO HEYNAR', 'MEDINA', 'BLOSSIER', 1, '07520128', NULL),
(38828, 'COD953', 1, 1, 'ADOLFO MANUEL', 'MEDRANO', 'CARBAJAL', 1, '06294067', NULL),
(38829, 'COD954', 1, 1, 'VILMA MENDOZA', 'MENDOZA', 'PAREDES', 1, '08858927', NULL),
(38830, 'COD955', 1, 1, 'MAVEL KATTERIN', 'MIRANDA', 'ALANYA', 1, '41681667', NULL),
(38831, 'COD956', 1, 1, 'RODOLFO GUILLERMO', 'MIRANDA', 'MIRANDA', 1, '40365068', NULL),
(38832, 'COD958', 1, 1, 'JOSE GUALBERTO', 'MORALES', 'TARAZONA', 1, '08214105', NULL),
(38833, 'COD959', 1, 1, 'PERCY HAROLD', 'MUÑOZ', 'JAIME', 1, '40398214', NULL),
(38834, 'COD960', 1, 1, 'JUAN EDUARDO SANTIAGO', 'MUSSO', 'MARCOVICH', 1, '10313788', NULL),
(38835, 'COD961', 1, 1, 'ERIC RICHARD', 'NILSSON', 'LÓPEZ', 1, '07204519', NULL),
(38836, 'COD963', 1, 1, 'YOLANDA MARGARITA', 'O`BRIEN', 'CHUMPITAZI', 1, '06675640', NULL),
(38837, 'COD964', 1, 1, 'JESSICA MARGARITA', 'OCSAS', 'YOZA', 1, '10797540', NULL),
(38838, 'COD965', 1, 1, 'CARLOS EMILIO', 'OLAYA', 'TORRES', 1, '06054005', NULL),
(38839, 'COD966', 1, 1, 'ALFREDO RICHARD', 'ORDOÑEZ', 'BARRUETA', 1, '08660591', NULL),
(38840, 'COD967', 1, 1, 'LILIAN LUISA', 'OSCCO', 'ABARCA', 1, '23961982', NULL),
(38841, 'COD968', 1, 1, 'JOHAN SANDRO', 'OTOYA', 'CALLE', 1, '09860527', NULL),
(38842, 'COD969', 1, 1, 'URSULA MARÍA', 'PACHECO', 'PEDRAZA', 1, '09147592', NULL),
(38843, 'COD970', 1, 1, 'EDGAR FORTUNATO', 'PAJUELO', 'RUBINA', 1, '40503794', NULL),
(38844, 'COD971', 1, 1, 'VÍCTOR RAÚL', 'PAREDES', 'TADEY', 1, '07839066', NULL),
(38845, 'COD972', 1, 1, 'ERIC ALAN', 'PEÑA', 'SÁNCHEZ', 1, '41024101', NULL),
(38846, 'COD973', 1, 1, 'OSCAR ENRIQUE', 'PEREZ', 'FARRO', 1, '09073470', NULL),
(38847, 'COD974', 1, 1, 'PERCY HUMBERTO', 'PÉREZ', 'BARLABAS', 1, '25681744', NULL),
(38848, 'COD975', 1, 1, 'MILUSKA PATRICIA', 'PÉREZ', 'VÁSQUEZ', 1, '10476996', NULL),
(38849, 'COD976', 1, 1, 'SEGUNDO', 'PONCE DE LEON', 'ÁVILA', 1, '08485674', NULL),
(38850, 'COD977', 1, 1, 'FRANCISCO GABRIEL', 'POZO', 'HUAMAN', 1, '08871149', NULL),
(38851, 'COD978', 1, 1, 'JENY ALICIA', 'PRADO', 'CORNELIO', 1, '40610960', NULL),
(38852, 'COD979', 1, 1, 'FRANCO MARTIR', 'PRIETO', 'CORONEL', 1, '06699604', NULL),
(38853, 'COD980', 1, 1, 'ALDO WILFREDO', 'QUEZADA', 'ROBLES', 1, '07946186', NULL),
(38854, 'COD981', 1, 1, 'NORMA LUZ', 'QUINTEROS', 'CAMACHO', 1, '06650975', NULL),
(38855, 'COD982', 1, 1, 'ELADIO MELITÓN', 'RAMIREZ', 'FUENTES', 1, '10395837', NULL),
(38856, 'COD983', 1, 1, 'JORGE ENRIQUE', 'RAMÍREZ', 'LÓPEZ', 1, '41226657', NULL),
(38857, 'COD984', 1, 1, 'MARÍA CONCEPCIÓN', 'REATEGUI', 'CONTRERAS', 1, '05239275', NULL),
(38858, 'COD985', 1, 1, 'ZULLY BERTHA', 'REGIS', 'CIUDAD', 1, '07544592', NULL),
(38859, 'COD986', 1, 1, 'ALÍ MIKAIL', 'REVILLA', 'MEDINA', 1, '21574924', NULL),
(38860, 'COD987', 1, 1, 'MANUEL', 'RÍOS', 'RAMIREZ', 1, '25458463', NULL),
(38861, 'COD988', 1, 1, 'JUAN CARLOS', 'RIVERA', 'VÉLIZ', 1, '07472080', NULL),
(38862, 'COD989', 1, 1, 'JOSÉ LUIS', 'RIVERA', 'ZARZOSA', 1, '40788219', NULL),
(38863, 'COD990', 1, 1, 'PABLO ABRAHAM', 'RIVERO', 'BONIFAZ', 1, '07918140', NULL),
(38864, 'COD991', 1, 1, 'MANUEL ANGEL', 'ROBLES', 'MORALES', 1, '08639428', NULL),
(38865, 'COD993', 1, 1, 'IRMA ROSARIO', 'ROSAS', 'DURÁN', 1, '07224761', NULL),
(38866, 'COD994', 1, 1, 'JOSÉ MANUEL', 'RUIZ', 'NAUPARI', 1, '06611596', NULL),
(38867, 'COD995', 1, 1, 'PERCY ALFREDO', 'SALOMÉ', 'MEDINA', 1, '40128356', NULL),
(38868, 'COD997', 1, 1, 'OMAR VLADIMIR', 'SÁNCHEZ', 'CHUMBE', 1, '07633605', NULL),
(38869, 'COD998', 1, 1, 'ANA CECILIA', 'SÁNCHEZ', 'DÍAZ', 1, '26722880', NULL),
(38870, 'COD999', 1, 1, 'DIÓGENES TEODORO', 'SÁNCHEZ', 'RICRA', 1, '04044586', NULL),
(38871, 'COD1000', 1, 1, 'DAVID IVAN', 'SARMIENTO', 'REYES', 1, '10789730', NULL),
(38872, 'COD1001', 1, 1, 'ADALBERTO SEMINARIO', 'SEMINARIO', 'MENDEZ', 1, '10804964', NULL),
(38873, 'COD1002', 1, 1, 'JULIA ERIKA', 'SERRANO', 'BUSTINZA', 1, '07501633', NULL),
(38874, 'COD1003', 1, 1, 'FABIOLA ELIZABETH', 'SHIELL', 'BUSTOS', 1, '07798016', NULL),
(38875, 'COD1004', 1, 1, 'CARLOS FERNANDO', 'STEIERT', 'GOICOCHEA', 1, '09867278', NULL),
(38876, 'COD1005', 1, 1, 'LUIS ANTONIO', 'TAFUR', 'ARIAS', 1, '40024859', NULL),
(38877, 'COD1006', 1, 1, 'JULIO ALAIN', 'TALLEDO', 'CHÁVEZ', 1, '09640975', NULL),
(38878, 'COD1007', 1, 1, 'MAGALY FRANCOISE', 'TEJADA', 'SALINAS', 1, '10611811', NULL),
(38879, 'COD1008', 1, 1, 'RONALD RAFAEL', 'TERRAZAS', 'DÁVILA', 1, '41611702', NULL),
(38880, 'COD1009', 1, 1, 'ENRIQUE RUSSEL', 'TORRES', 'ARTEAGA', 1, '42923736', NULL),
(38881, 'COD1010', 1, 1, 'PERCY EULER', 'TORRES', 'CORZO', 1, '07635000', NULL),
(38882, 'COD1011', 1, 1, 'PEDRO JAVIER', 'TORRES', 'REYES', 1, '08775524', NULL),
(38883, 'COD1012', 1, 1, 'ROCÍO AMALIA LÓPEZ', 'TORRES', 'ZEVALLOS', 1, '09435536', NULL),
(38884, 'COD1013', 1, 1, 'VICTOR MANUEL', 'TRIGOSO', 'RENGIFO', 1, '05313465', NULL),
(38885, 'COD1014', 1, 1, 'ROSARIO AMPARO', 'ULLILEN', 'CALDERON', 1, '33432494', NULL),
(38886, 'COD1015', 1, 1, 'LAURA CAROLINA', 'UMBERT', 'URETA', 1, '10788322', NULL),
(38887, 'COD1016', 1, 1, 'ANA MONICA', 'VALCARCEL', 'ARANIBAR', 1, '10809852', NULL),
(38888, 'COD1019', 1, 1, 'MARISA DE JESUS', 'VARGAS', 'BARCIA', 1, '06769750', NULL),
(38889, 'COD1021', 1, 1, 'NANCY MARLITH', 'VARGAS', 'MEJÍA', 1, '01111577', NULL),
(38890, 'COD1022', 1, 1, 'WILFREDO DEMOSTECLES', 'VARGAS', 'ROJAS', 1, '07876802', NULL),
(38891, 'COD1023', 1, 1, 'MILAGROS DEL PILAR', 'VÁSQUEZ', 'FELIPE', 1, '40094017', NULL),
(38892, 'COD1024', 1, 1, 'KATHERINA GIULIANA', 'VÁSQUEZ', 'MONTES DE OCA', 1, '40661220', NULL),
(38893, 'COD1025', 1, 1, 'HENRY RAFAEL', 'VÁSQUEZ', 'SÁNCHEZ', 1, '40451223', NULL),
(38894, 'COD1026', 1, 1, 'SONIA MARLENI', 'VELÁSQUEZ', 'PORTOCARRERO', 1, '04823694', NULL),
(38895, 'COD1027', 1, 1, 'KAREM FIORELLA', 'VELÁSQUEZ', 'SALAZAR', 1, '40522907', NULL),
(38896, 'COD1029', 1, 1, 'CARLOS ANTONIO', 'VERGARA', 'VELEZ', 1, '06029358', NULL),
(38897, 'COD1030', 1, 1, 'CARLOS ALBERTO', 'VILLARROEL', 'CCASO', 1, '04646929', NULL),
(38898, 'COD1031', 1, 1, 'LILIANA ESTHER', 'VITAL', 'REYES', 1, '18198100', NULL),
(38899, 'COD1032', 1, 1, 'MIGUEL YAÑEZ', 'YAÑEZ', 'MENDOZA', 1, '08626941', NULL),
(38900, 'COD1033', 1, 1, 'FERNANDO MARCOS', 'ZARZOZA', 'ESPINO', 1, '09139764', NULL),
(38901, 'COD1034', 1, 1, 'SEBASTIAN INOCENTE', 'ZENOZAIN', 'BERRIOS', 1, '15386437', NULL),
(38902, 'COD1036', 1, 1, 'JHON RICHARD', 'ZEVALLOS', 'PAREDES', 1, '41164956', NULL),
(38903, 'COD1054', 1, 1, 'MARDONIO', 'ACEVEDO', 'PÉREZ', 1, '06974292', 311),
(38904, 'COD1055', 1, 1, 'TEODORO', 'ACEVEDO', 'VEREAU', 1, '07950797', NULL),
(38905, 'COD1057', 1, 1, 'ROGELIO', 'AGUIRRE', 'CORDERO', 1, '08618906', NULL),
(38906, 'COD1058', 1, 1, 'MANUEL ALEJANDRO', 'HUARNIZ', 'MENDO', 1, '06691344', NULL),
(38907, 'COD1067', 1, 1, 'GREGORIO', 'ARONI', 'SIVIPAUCAR', 1, '09289675', NULL),
(38908, 'COD1071', 1, 1, 'DANNY ELVIS', 'AYALA', 'RAMOS', 1, '41898468', NULL),
(38909, 'COD1074', 1, 1, 'SOLEDAD', 'BARRERA', 'DÁVILA', 1, '10477047', NULL),
(38910, 'COD1076', 1, 1, 'BRIAN ADRIAN', 'BOCARDO', 'CALDERON', 1, '40008626', NULL),
(38911, 'COD1077', 1, 1, 'VICTOR', 'CABALLERON', 'MARTIN', 1, '07600094', NULL),
(38912, 'COD1078', 1, 1, 'VALERIA', 'CABRERA', '', 1, '43727517', NULL),
(38913, 'COD1083', 1, 1, 'ANDREA GERALDINE', 'CASARETTO', 'PANIAGUA', 1, '44870608', NULL),
(38914, 'COD1085', 1, 1, 'RAFAEL', 'CASTILLO', 'MANRIQUE', 1, '40938341', NULL),
(38915, 'COD1086', 1, 1, 'CARLOS', 'CALMET', 'URTEAGA', 1, '41770533', NULL),
(38916, 'COD1087', 1, 1, 'GLORIA CATALINA', 'DURAND', 'VDA DE MAZUELOS', 1, '25643858', NULL),
(38917, 'COD1090', 1, 1, 'MARIA LOURDES', 'CHATE', 'PALACIOS', 1, '09695835', NULL),
(38918, 'COD1093', 1, 1, 'ROSA CAROLINA', 'CISNEROS', 'MORA', 1, '09309713', NULL),
(38919, 'COD1097', 1, 1, 'JEANETTE', 'CORRALES', 'ACOSTA', 1, '05371053', NULL),
(38920, 'COD1098', 1, 1, 'CHRISTIAN YVAN', 'CORTEZ', 'JARA', 1, '09390736  ', NULL),
(38921, 'COD1100', 1, 1, 'ROXANA', 'CUEVA', 'MEJIA', 1, '10804089', NULL),
(38922, 'COD1105', 1, 1, 'CIRIACO', 'DE PAZ', 'MIGUEL', 1, '07166599', NULL),
(38923, 'COD1109', 1, 1, 'JORGE ALFONSO ALEJANDRO', 'DEL CASTILLO', 'GALVEZ', 1, '06656534', NULL),
(38924, 'COD1110', 1, 1, 'MARIA DEL ROCIO', 'VESGA', 'GATTI', 1, '07733209', NULL),
(38925, 'COD1113', 1, 1, 'GILBERTO JORGE', 'DIAZ', 'REYES', 1, '06547821', NULL),
(38926, 'COD1114', 1, 1, 'LUIS JOSÉ', 'DIEZ CANSECO', 'NUÑEZ', 1, '08236895', NULL),
(38927, 'COD1115', 1, 1, 'MAC DONALD', 'RODRIGUEZ', 'SANCHEZ', 1, '18121226', NULL),
(38928, 'COD1123', 1, 1, 'JOSE ALBERTO', 'ESPINO', 'GUERRA', 1, '06742816', NULL),
(38929, 'COD1128', 1, 1, 'JUAN MANUEL', 'FIGUEROA', 'QUINTANA', 1, '23815345', NULL),
(38930, 'COD1133', 1, 1, 'SUSAN', 'GAMARRA', 'VÁSQUEZ', 1, '42760428', NULL),
(38931, 'COD1137', 1, 1, 'PIERO', 'GIANNOTTI', '', 1, '42732200', NULL),
(38932, 'COD1139', 1, 1, 'GINEBRA BEATRIZ', 'GONZALES', 'CUEVA', 1, '09533253', NULL),
(38933, 'COD1142', 1, 1, 'SEGUNDO EDMUNDO', 'GONZALES', 'CAMPOS', 1, '07429150', NULL),
(38934, 'COD1147', 1, 1, 'PATRICIA MILAGROS', 'GUILLEN', 'NOLASCO', 1, '08714939', NULL),
(38935, 'COD1149', 1, 1, 'LUCILA', 'HENRÍQUEZ', 'DÍAZ', 1, '07237111  ', NULL),
(38936, 'COD1151', 1, 1, 'LUIS ALBERTO', 'HERRERA', 'BUITRON', 1, '42595419', NULL),
(38937, 'COD1152', 1, 1, 'JOAQUIN', 'HIRRIBAREN', '', 1, '42765767', NULL),
(38938, 'COD1154', 1, 1, 'MICKEY ANTONIO', 'HUAMÁN', 'LÓPEZ', 1, '07037812  ', NULL),
(38939, 'COD1155', 1, 1, 'GILBERTO', 'HUERTAS', 'CHANDUVI', 1, '06214556', NULL),
(38940, 'COD1156', 1, 1, 'ROSA IMELDA', 'ECHEGARAY', 'CABRERA', 1, '10553006', NULL),
(38941, 'COD1159', 1, 1, 'ALBERTO DEMETRIO', 'JARA', 'BARRUTIA', 1, '08603454', NULL),
(38942, 'COD1160', 1, 1, 'JULISSA JENNY', 'DOMINGUEZ', 'MOGOLLON', 1, '09746715', NULL),
(38943, 'COD1164', 1, 1, 'JOSÉ LUIS', 'GONZALES', 'MEJIA', 1, '09463249', NULL),
(38944, 'COD1166', 1, 1, 'OMAR', 'LANDEO', 'OROZCO', 1, '07615582', NULL),
(38945, 'COD1167', 1, 1, 'CARMEN', 'LAREDO', 'RODRÍGUEZ', 1, '09881450', NULL),
(38946, 'COD1168', 1, 1, 'LIDA ROXANA', 'LAU', 'GARCIA', 1, '06200813', NULL),
(38947, 'COD1171', 1, 1, 'CARLOS', 'LAZA', 'VALDIVIA', 1, '10736315', NULL),
(38948, 'COD1175', 1, 1, 'SANDRA', 'LINARES', '', 1, '43522631', NULL),
(38949, 'COD1179', 1, 1, 'RONALD', 'LOO', 'ARROYO', 1, '40196874', NULL),
(38950, 'COD1186', 1, 1, 'NOEMI MARITZA', 'ANGELES', 'SABROSO', 1, '25426280', NULL),
(38951, 'COD1187', 1, 1, 'JOSE MANUEL', 'ELICE', 'NAVARRO', 1, '06625920', NULL),
(38952, 'COD1188', 1, 1, 'FRANCISCO', 'MACEDO', 'BRAVO', 1, '25801898', NULL),
(38953, 'COD1190', 1, 1, 'YVAN', 'MALPARTIDA', 'CANCHIZ', 1, '41359594', NULL),
(38954, 'COD1194', 1, 1, 'ANITA', 'MAYTA', 'MEDRANO', 1, '20723945', NULL),
(38955, 'COD1197', 1, 1, 'FRANCO', 'MENDIETA', 'GALINDO', 1, '42573161', NULL),
(38956, 'COD1198', 1, 1, 'CARMEN ROSA', 'MENDOZA', 'SILVA', 1, '07931567', NULL),
(38957, 'COD1202', 1, 1, 'IVONNE MARIBEL', 'MONTOYA', 'LIZARRAGA', 1, '23840986', NULL),
(38958, 'COD1203', 1, 1, 'TEODORO MANUEL', 'MORALES', 'NAVARRETE', 1, '08071761', NULL),
(38959, 'COD1205', 1, 1, 'DIONICIO IVÁN', 'NAPÁN', 'YACTAYO', 1, '43156099', NULL),
(38960, 'COD1210', 1, 1, 'MARIO', 'OLIVERA', 'PRADO', 1, '08268761', NULL),
(38961, 'COD1218', 1, 1, 'DELIA ELIZABETH', 'PAREDES', 'CURIOSO', 1, '08445350', NULL),
(38962, 'COD1222', 1, 1, 'WALTER MANUEL', 'PILCÓN', 'CHAFLOQUE', 1, '07726598', NULL),
(38963, 'COD1223', 1, 1, 'MONICA IVETTE', 'PINTO', 'LAGOS', 1, '07794710', NULL),
(38964, 'COD1226', 1, 1, 'FELIX FABIAN', 'PUENTE DE LA VEGA', 'CHUMBE', 1, '07018686', NULL),
(38965, 'COD1228', 1, 1, 'LUZGARDA', 'QUILLAMA', 'TORRES', 1, '16758359', NULL),
(38966, 'COD1229', 1, 1, 'CARMELA LUISA', 'QUISPE', 'GONZÁLES RAMÍREZ', 1, '07739581', NULL),
(38967, 'COD1237', 1, 1, 'PATRICIA GRACIELA', 'REYMER', 'FLORES', 1, '09543271', NULL),
(38968, 'COD1245', 1, 1, 'LIDIA', 'RODRÍGUEZ', 'PALACIOS', 1, '41180851', NULL),
(38969, 'COD1247', 1, 1, 'PAULO CESAR', 'ROMERO', 'FLORES', 1, '43061551', NULL),
(38970, 'COD1248', 1, 1, 'NATALIA ALEJANDRA', 'ROMERO', 'BEINGOLEA', 1, '43402514', NULL),
(38971, 'COD1252', 1, 1, 'MELANIE DANIELLA MARÍA', 'RUIZ', 'NUÑEZ', 1, '10735294', NULL),
(38972, 'COD1253', 1, 1, 'ROSA ROSARIO', 'RUIZ', 'TORRE', 1, '07068137', NULL),
(38973, 'COD1272', 1, 1, 'VICTOR', 'VALLEJO', 'CUTTI', 1, '09639459', NULL),
(38974, 'COD1275', 1, 1, 'ROLANDO NICOLAS', 'VASQUEZ', 'MIRANDA', 1, '08247645', NULL),
(38975, 'COD1276', 1, 1, 'GLADYS', 'VEGA', 'MENDOZA', 1, '23880063  ', NULL),
(38976, 'COD1280', 1, 1, 'CARMEN', 'VERONICA', 'REY', 1, '07579727', NULL),
(38977, 'COD1292', 1, 1, 'CINTHIA PAOLA', 'VIDAL', 'DULANTO', 1, '09865282', NULL),
(38978, 'COD1293', 1, 1, 'CECILIA', 'PACHECO', 'NIGHTINGALE', 1, '10867705', NULL),
(38979, 'COD1294', 1, 1, 'MYRIAM ROSA', 'ESCALANTE', 'SANCHEZ', 1, '09090212', NULL),
(38980, 'COD1295', 1, 1, 'LIZET ALEXANDRA', 'GARCIA', 'VALERIANO', 1, '43226383', NULL),
(38981, 'COD1299', 1, 1, 'PRINCIPE ELMER', 'GARIBAY', 'TITO', 1, '09088324  ', NULL),
(38982, 'COD1300', 1, 1, 'JORGE ERICK', 'REATEGUI', 'BARTRA', 1, '43345781', NULL),
(38983, 'COD1301', 1, 1, 'JOSE LUIS', 'CASTAÑEDA', 'NEYRA', 1, '06633698', NULL),
(38984, 'COD1302', 1, 1, 'CINTYA', 'RODRIGUEZ', 'CHUPIONDO', 1, '44546280', NULL),
(38985, 'COD1325', 1, 1, 'ANA LUISA', 'VÁSQUEZ', 'SUÁREZ', 1, '21459906', NULL),
(38986, 'COD1326', 1, 1, 'ESTHER RUT', 'VILELA', 'DOROTEO', 1, '29635860', NULL),
(38987, 'COD1327', 1, 1, 'PATRICIA ISABEL', 'ROMERO', 'REYES', 1, '07503665', NULL);
INSERT INTO `tm_colaborador` (`id_colaborador`, `co_colaborador`, `id_cargo_laboral`, `id_sede`, `no_colaborador`, `ap_paterno_colaborador`, `ap_materno_colaborador`, `ti_documento`, `nu_documento`, `id_oficina`) VALUES
(38988, 'COD1328', 1, 1, 'CARMEN ROSA', 'GARCÍA', 'MENDOZA', 1, '07509176', NULL),
(38989, 'COD1329', 1, 1, 'ARACELI PAMELA', 'MALDONADO', 'GARCIA', 1, '41374272', NULL),
(38990, 'COD1330', 1, 1, 'ELIZABETH LINDA', 'CASTILLO', 'ALTEZ', 1, '10880339', NULL),
(38991, 'COD1331', 1, 1, 'CARLOTA CLELIA', 'HUAROTO', 'MUNAREZ', 1, '08739922', NULL),
(38992, 'COD1332', 1, 1, 'ANA PATRICIA', 'ANDRADE', 'PACORA', 1, '07198951', NULL),
(38993, 'COD1333', 1, 1, 'YURI', 'CHESSMAN', 'OLAECHEA', 1, '00000142', NULL),
(38994, 'COD1335', 1, 1, 'MARIA', 'PINEDA', 'LOAYZA', 1, '07611268', NULL),
(38995, 'COD1336', 1, 1, 'BERNARDINO', 'RODRIGUEZ', 'CARPIO', 1, '30823439', NULL),
(38996, 'COD1337', 1, 1, 'SILVIA INÉS', 'RUIZ', 'ZARATE', 1, '18143342', NULL),
(38997, 'COD1338', 1, 1, 'IAN', 'ORTIZ', 'CASTILLO', 1, '40458256', NULL),
(38998, 'COD1339', 1, 1, 'JACKELINE ANTONIETA', 'BAUTISTA', 'FLORES', 1, '42064636', NULL),
(38999, 'COD1341', 1, 1, 'MAX ELGRER', 'LAZARO', 'TAYCO', 1, '18109598', NULL),
(39000, 'COD1342', 1, 1, 'ELOISA MARGARITA', 'LOZADA', 'VASSI', 1, '06684570', NULL),
(39001, 'COD1343', 1, 1, 'MAURICIO', 'GUSTÍN', 'DE OLARTE', 1, '09381485', NULL),
(39002, 'COD1344', 1, 1, 'JUAN', 'LOPEZ', 'BERLY', 1, '15428725', NULL),
(39003, 'COD1345', 1, 1, 'OLIVER MARTIN', 'LINDO', 'CÁRDENAS', 1, '04085117', NULL),
(39004, 'COD1346', 1, 1, 'DUBERLI', 'BUSTOS', 'CORDOVA', 1, '07463996', NULL),
(39005, 'COD1347', 1, 1, 'OSWALDO ANDRÉS', 'PUICAN', 'ALARCÓN', 1, '42725311', NULL),
(39006, 'COD1348', 1, 1, 'VICTOR ORLANDO', 'CAMPOS', 'BALTAZAR', 1, '80608446', NULL),
(39007, 'COD1349', 1, 1, 'CRISTHIAN', 'GONZALES', 'CÓRDOVA', 1, '43143754', NULL),
(39008, 'COD1350', 1, 1, 'VIOLETA', 'CARDOSO', 'LARA', 1, '07253807', NULL),
(39009, 'COD1351', 1, 1, 'CESAR ALBERTO', 'MALAGA', 'GALLEGOS', 1, '06027492', NULL),
(39010, 'COD1352', 1, 1, 'CRISTHIAN', 'SHILDER', 'DIAZ', 1, '09636889', NULL),
(39011, 'COD1353', 1, 1, 'CARLOS ALBERTO', 'PUERTA', 'TORRES', 1, '07266579', NULL),
(39012, 'COD1355', 1, 1, 'JORGE MIGUEL', 'DURAND', 'PARDO', 1, '08815298', NULL),
(39013, 'COD1356', 1, 1, 'RUTH', 'RIO', 'FEODARD DE WESTPHALEN', 1, '07790454', NULL),
(39014, 'COD1357', 1, 1, 'PABLO', 'NEIRA', 'AGUIRRE', 1, '09336018', NULL),
(39015, 'COD1358', 1, 1, 'RICARDO', 'VAN ROUDGE', 'KREJCI', 1, '90375000', NULL),
(39016, 'COD1359', 1, 1, 'BORIS', 'MITAC', 'MESTANZA', 1, '10587878', NULL),
(39017, 'COD1360', 1, 1, 'MARIA ISABEL', 'VELIZ', 'ROJAS', 1, '01024602', NULL),
(39018, 'COD1362', 1, 1, 'JORGE AGUSTIN', 'SANCHEZ', 'GASCO', 1, '09146569', NULL),
(39019, 'COD1363', 1, 1, 'JAIME', 'ORTIZ', 'SANCHEZ', 1, '06095221', NULL),
(39020, 'COD1364', 1, 1, 'FRANK', 'CESPEDES', 'VARCARCEL', 1, '08532494', NULL),
(39021, 'COD1365', 1, 1, 'PIERO', 'CASARETTO', 'CASTAGNINO', 1, '09336890', NULL),
(39022, 'COD1366', 1, 1, 'YOLANDA', 'RAZURI', 'PEREZ', 1, '07766573', NULL),
(39023, 'COD1367', 1, 1, 'ANGELA', 'RIVADENEYRA', 'ROMERO', 1, '42520702', NULL),
(39024, 'COD1368', 1, 1, 'AMPARO', 'BONILLA', 'NEYRA', 1, '09479327', NULL),
(39025, 'COD1369', 1, 1, 'MIRYAN', 'ROJAS', 'MONTERO', 1, '42430019', NULL),
(39026, 'COD1370', 1, 1, 'ELIZABETH DEL PILAR', 'VARGAS MACHUCA', 'GUERRERO', 1, '06185395', NULL),
(39027, 'COD1371', 1, 1, 'VICTORIA ALEJANDRINA', 'PINEDO', 'BENTOS', 1, '18135356', NULL),
(39028, 'COD1372', 1, 1, 'PATRICIA YDA', 'YATACO', 'CHAPARRO', 1, '25777866', NULL),
(39029, 'COD1373', 1, 1, 'JAIRO ANIBAL', 'RIVAS', 'BELLOSO', 1, '06663717', NULL),
(39030, 'COD1374', 1, 1, 'MILKA ANDREA', 'URRUTIA', 'MENDOZA', 1, '06664282', NULL),
(39031, 'COD1375', 1, 1, 'EMILIO', 'LICAPA', 'ESCOBEDO', 1, '10170109', NULL),
(39032, 'COD1376', 1, 1, 'JULIO', 'OVIEDO', 'HOLGUIN', 1, '23879109', NULL),
(39033, 'COD1377', 1, 1, 'PEDRO EMILIANO', 'ZAPATA', 'CARRASCO', 1, '02888665', NULL),
(39034, 'COD1378', 1, 1, 'SUSANA', 'CORI', 'ASCONA', 1, '10683640', NULL),
(39035, 'COD1379', 1, 1, 'FRANK', 'CISNEROS', 'TAPIA', 1, '40713555', NULL),
(39036, 'COD1380', 1, 1, 'AMÉRICO JURANDIR', 'COLMENARES', 'BRAVO', 1, '07393694', NULL),
(39037, 'COD1381', 1, 1, 'JORGE LUIS', 'RAMIREZ', 'MORI', 1, '40528365', NULL),
(39038, 'COD1384', 1, 1, 'CECILIA ALEXANDRA', 'HURTADO', 'CRUZ', 1, '09279140', NULL),
(39039, 'COD1385', 1, 1, 'JOSE CARLOS', 'LUIS', 'ALDAMA', 1, '41320823', NULL),
(39040, 'COD1387', 1, 1, 'RAUL RICARDO', 'ORIHUELA', 'LEON', 1, '06592126', NULL),
(39041, 'COD1388', 1, 1, 'TERESA LEONOR', 'PAUCAR', 'MELGAR', 1, '06746238', NULL),
(39042, 'COD1389', 1, 1, 'VICTOR ANDRES', 'PEREZ', 'ALVAREZ', 1, '07043995', NULL),
(39043, 'COD1395', 1, 1, 'ADALBERTO', 'VALENTIN', 'MIGUEL', 1, '06942360', NULL),
(39044, 'COD1397', 1, 1, 'IMELDA IRIS', 'MORENO', 'MORY', 1, '41542630', NULL),
(39045, 'COD1398', 1, 1, 'MIGUEL', 'VASQUEZ', 'MARROQUIN', 1, '08242983', NULL),
(39046, 'COD1399', 1, 1, 'ERNESTO DARWIN', 'AGUILAR', 'PAREDES', 1, '32987729', NULL),
(39047, 'COD1400', 1, 1, 'EMIL', 'CAILLAUX', 'SALAZAR', 1, '42508192', NULL),
(39048, 'COD1401', 1, 1, 'RAQUEL JULIA', 'NARVAEZ', 'PEÑA', 1, '06634174', NULL),
(39049, 'COD1405', 1, 1, 'DELIA', 'APOLINARIO', 'PAUCAR', 1, '10324603', NULL),
(39050, 'COD1417', 1, 1, 'SALVATTORE LEONARDO', 'TRPI', 'ROSSEL', 1, '41437690', NULL),
(39051, 'COD1422', 1, 1, 'EDGAR', 'MEDINA', 'NECIOSUP', 1, '42238859', NULL),
(39052, 'COD1424', 1, 1, 'JHONATAN HART', 'OBANDO', 'MEZA', 1, '42368600', NULL),
(39053, 'COD1425', 1, 1, 'HASEL PAOLA', 'BUAMSCHE', 'LEON', 1, '42288190', NULL),
(39054, 'COD1427', 1, 1, 'JOSE TOMAS', 'MATA', 'MATA', 1, '07220047', NULL),
(39055, 'COD1430', 1, 1, 'ELSA ISABEL', 'PROAÑO', 'VARGAS', 1, '07251773', NULL),
(39056, 'COD1431', 1, 1, 'RONALD SEBASTIAN', 'TARCO', 'PEREZ', 1, '43420851', NULL),
(39057, 'COD1432', 1, 1, 'BLANCA PATRICIA', 'HENRIQUEZ', 'REVOREDO', 1, '43581557', NULL),
(39058, 'COD1433', 1, 1, 'KATHERINE', 'PEREZ RUIBAL', 'USCAMAITA', 1, '43133044', NULL),
(39059, 'COD1435', 1, 1, 'IVAN MELECIO', 'MEDINA', 'HARO', 1, '07421227', NULL),
(39060, 'COD1436', 1, 1, 'JHON MIGUEL', 'GUTIERREZ', 'INCA', 1, '07511402', NULL),
(39061, 'COD1437', 1, 1, 'JACQUELINE', 'FOWKS', 'DE LA FLOR', 1, '06408441', NULL),
(39062, 'COD1438', 1, 1, 'PAOLA MELISA', 'BALTAZAR', 'ZUÑIGA', 1, '20117477', NULL),
(39063, 'COD1439', 1, 1, 'MARTHA CECILIA', 'TIZON', 'PALACIOS', 1, '22272316', NULL),
(39064, 'COD1440', 1, 1, 'GROVER GLIDEN', 'PONCE', 'MARIÑOS', 1, '09738395', NULL),
(39065, 'COD1441', 1, 1, 'CELIA CATHERINE', 'ORTIZ', 'ARISTONDO', 1, '40084665', NULL),
(39066, 'COD1442', 1, 1, 'CARMEN', 'ALARCON', 'ROSARIO', 1, '00000143', NULL),
(39067, 'COD1443', 1, 1, 'ZENAIDA', 'CABELLOS', 'SUSANO', 1, '08233341', NULL),
(39068, 'COD1444', 1, 1, 'GORGE', 'FARFAN', 'MARTINEZ', 1, '23926774', NULL),
(39069, 'COD1445', 1, 1, 'JOSE LUIS', 'REQUIZ', 'ESPINOZA', 1, '10118513', NULL),
(39070, 'COD1446', 1, 1, 'ELIZABETH KARINA', 'FIGUEROA', 'CORDOVA', 1, '10866948', NULL),
(39071, 'COD1447', 1, 1, 'LUZ MELINA', 'QUINTO', 'CORTEZ', 1, '40267690', NULL),
(39072, 'COD1448', 1, 1, 'RAUL ANTONIO', 'ROSASCO', 'FIORI', 1, '25842011', NULL),
(39073, 'COD1449', 1, 1, 'CECILIA ALEJANDRA', 'TELLO', 'GUERRERO', 1, '40911594', NULL),
(39074, 'COD1450', 1, 1, 'GOLDA JURACI', 'ORBE', 'PEIXOTO', 1, '05371023', NULL),
(39075, 'COD1451', 1, 1, 'ZULMA', 'VILLA', 'VILCHEZ', 1, '10026339', NULL),
(39076, 'COD1452', 1, 1, 'GISELA', 'FERNANDEZ', 'RIVAS PLATA', 1, '10610954', NULL),
(39077, 'COD1453', 1, 1, 'PATRICIA  HILDA ELIZABETH', 'FIGUEROA', 'VALDERRAMA', 1, '40609687', NULL),
(39078, 'COD1454', 1, 1, 'ADRIANA', 'ARISTA', 'ZERGA', 1, '09913829', NULL),
(39079, 'COD1455', 1, 1, 'VICTOR', 'VARILLAS', 'BORJA', 1, '43494739', NULL),
(39080, 'COD1456', 1, 1, 'ADRIEL', 'SOTO', 'PEREZ', 1, '40637876', NULL),
(39081, 'COD1457', 1, 1, 'CHRISTIAN MANUEL', 'CRUZADO', 'CARRASCO', 1, '40732775', NULL),
(39082, 'COD1458', 1, 1, 'LIONEL ERNESTO', 'AMANS', 'PAZ', 1, '07731434', NULL),
(39083, 'COD1459', 1, 1, 'JUAN', 'FERNANDEZ', 'DAVILA LOPEZ', 1, '06667642', NULL),
(39084, 'COD1460', 1, 1, 'MARIE EMELY', 'SILVA', 'URIARTE', 1, '41925463', NULL),
(39085, 'COD1461', 1, 1, 'MARCELA DEL PILAR', 'BEJARANO', 'TUESTA', 1, '07644219', NULL),
(39086, 'COD1462', 1, 1, 'MARIA DEL CARMEN', 'TAGLE', 'CASTILLO', 1, '09873192', NULL),
(39087, 'COD1476', 1, 1, 'JUAN CONSTANTINO', 'LEÓN', 'POLO', 1, '06095383', NULL),
(39088, 'COD1478', 1, 1, 'WALTER HUGO', 'TELLO', 'CASTILLO', 1, '16437014', NULL),
(39089, 'COD1479', 1, 1, 'PEGGY RACHEL', 'SZTUDEN', 'WOLFENZON', 1, '10543372', NULL),
(39090, 'COD1480', 1, 1, 'MIGUEL ANGEL', 'MEJIA', 'REGALADO', 1, '07912434', NULL),
(39091, 'COD1481', 1, 1, 'JOSE LUIS', 'NORIEGA', 'LORES', 1, '43339695', NULL),
(39092, 'COD1482', 1, 1, 'LUZMILA', 'CHIRICENTE', 'MAHUANCA', 1, '20979046', NULL),
(39093, 'COD1483', 1, 1, 'RAMON JOSE', 'BARÚA', 'ALZAMORA', 1, '07272637', NULL),
(39094, 'COD1484', 1, 1, 'MARIA DEL PILAR', 'COLL', 'TORRENTE', 1, '00022675', NULL),
(39095, 'COD1485', 1, 1, 'JUAN ALBERTO', 'FERNANDEZ DAVILA', 'VELEZ', 1, '06669526', NULL),
(39096, 'COD1486', 1, 1, 'CAROLINA', 'LIZARRAGA', 'HOUGHTON', 1, '09336553', NULL),
(39097, 'COD1487', 1, 1, 'CARMEN INES', 'VEGAS', 'GUERRERO', 1, '15428732', NULL),
(39098, 'COD1491', 1, 1, 'JOHAN BRISTOL', 'FERNANDEZ', 'JIBAJA', 1, '25790131', NULL),
(39099, 'COD1492', 1, 1, 'LUIS ARMANDO', 'MARILL', 'DEL AGUILA', 1, '07968336', NULL),
(39100, 'COD1495', 1, 1, 'VERONICA', 'ROJAS', 'MONTES', 1, '09335886', NULL),
(39101, 'COD1497', 1, 1, 'GABRIELA', 'CRUZ', 'RAMIREZ', 1, '08235694', NULL),
(39102, 'COD1499', 1, 1, 'JIM FRANZ', 'CHEVARRÍA', 'MONTESINOS', 1, '40752948', NULL),
(39103, 'COD1500', 1, 1, 'ROSA', 'MAVILA', 'LEON', 1, '06706793', NULL),
(39104, 'COD1501', 1, 1, 'MERCEDES', 'ADRIANZEN', 'PALACIOS', 1, '25757518', NULL),
(39105, 'COD1502', 1, 1, 'KARINA', 'ALVARADO', 'LEON', 1, '20723205', NULL),
(39106, 'COD1503', 1, 1, 'GLADYS', 'BERNAL', 'BARZOLA', 1, '08475284', NULL),
(39107, 'COD1504', 1, 1, 'JUAN ENRIQUE', 'SILVA', 'VIDAURRE', 1, '07745085', NULL),
(39108, 'COD1506', 1, 1, 'MARGARITA', 'MATEOS', '', 1, '07023869', NULL),
(39109, 'COD1507', 1, 1, 'RONEL', 'HIDALGO', 'HUERTAS', 1, '23009278', NULL),
(39110, 'COD1512', 1, 1, 'HUMBERTO', 'LECETA', 'GALVEZ', 1, '07939292', NULL),
(39111, 'COD1513', 1, 1, 'JUAN CARLOS', 'BECERRA', 'FLORES', 1, '08480862', NULL),
(39112, 'COD1515', 1, 1, 'LUCAS EMILIANO', 'OTERO', 'PETERKA', 1, '43350141', NULL),
(39113, 'COD1519', 1, 1, 'ALFONSO FELIPE', 'VELASQUEZ', 'TUESTA', 1, '07248916', NULL),
(39114, 'COD1520', 1, 1, 'NATALIA ELSA', 'LEIVA', 'GARCIA', 1, '20052805', NULL),
(39115, 'COD1524', 1, 1, 'JESUS ALEJANDRO', 'ALIAGA', 'BALDEON', 1, '08535125', NULL),
(39116, 'COD1541', 1, 1, 'MARIANA', 'BALLEN', 'TALLADA', 1, '10263902', NULL),
(39117, 'COD1551', 1, 1, 'ELIO ALONSO', 'ESCALANTE', 'HERRERA', 1, '43716175', NULL),
(39118, 'COD1554', 1, 1, 'JUAN FRANCISCO', 'CASTRO', 'CARLIN', 1, '10315942', NULL),
(39119, 'COD1555', 1, 1, 'IVAN', 'FERRANDO', 'PEREA', 1, '09377899', NULL),
(39120, 'COD1556', 1, 1, 'JORGE GASTON', 'GARATEA', 'YORI', 1, '07278052', NULL),
(39121, 'COD1557', 1, 1, 'VÍCTOR HUGO', 'PARRA', 'PUENTE', 1, '07494049', NULL),
(39122, 'COD1558', 1, 1, 'ROSSANA', 'RIVERA', 'IBERICO', 1, '00000130', NULL),
(39123, 'COD1559', 1, 1, 'NANCY ADRIANA', 'ZAPATA', 'RONDON', 1, '07227348', NULL),
(39124, 'COD1560', 1, 1, 'LUIS LUCCIANO', 'VILLACORTA', 'GONZALES', 1, '42199623', NULL),
(39125, 'COD1561', 1, 1, 'ROSA MARIELLA', 'ZAPATA', 'TIPIAN', 1, '40989741', NULL),
(39126, 'COD1562', 1, 1, 'JORGE ARTEMIO', 'ALFARO', 'MARTIJENA', 1, '06630652', NULL),
(39127, 'COD1564', 1, 1, 'ENMA ANA MARIA', 'LEON VELARDE', 'AMEZAGA', 1, '08782310', NULL),
(39128, 'COD1565', 1, 1, 'JOSE ANTONIO', 'TIRADO', 'BARRERA', 1, '07623601', NULL),
(39129, 'COD1566', 1, 1, 'TOMAS', 'UNGER', 'GOLSZTYN', 1, '07767445', NULL),
(39130, 'COD1567', 1, 1, 'RICHARD CHARLES', 'WEBB', 'DUARTE', 1, '08257971', NULL),
(39131, 'COD1568', 1, 1, 'VÍCTOR JULIO', 'CRUZADO', 'CASAVILCA', 1, '00790318', NULL),
(39132, 'COD1569', 1, 1, 'ORESTES', 'FONSECA', 'ALEGRIA', 1, '00850222', NULL),
(39133, 'COD1570', 1, 1, 'GREGORIA FLORENCIA', 'DE LA CRUZ', 'DE FONSECA', 1, '00850504', NULL),
(39134, 'COD1571', 1, 1, 'ALBERTO', 'GUIZADO', 'LIZAMA', 1, '02632044', NULL),
(39135, 'COD1572', 1, 1, 'SEGUNDO MIGUEL', 'CASTILLO', 'DELGADO', 1, '02849429', NULL),
(39136, 'COD1573', 1, 1, 'ALEJANDRO', 'VALLE', 'MIRANDA', 1, '03578492', NULL),
(39137, 'COD1574', 1, 1, 'AUGUSTO CLEMENTE', 'VEGAS', 'CUENCA', 1, '05070211', NULL),
(39138, 'COD1575', 1, 1, 'SANTOS NICOLÁS', 'ACOSTA', 'CARRANZA', 1, '06004516', NULL),
(39139, 'COD1576', 1, 1, 'NATALIA', 'MACEDO', 'MESTANZA DE OCAMPO', 1, '06009285', NULL),
(39140, 'COD1577', 1, 1, 'ALBERTO', 'OCAMPO', 'CARDENAS', 1, '06009286', NULL),
(39141, 'COD1578', 1, 1, 'JORGE ARTEMIO', 'VARGAS', 'PADILLA', 1, '06034450', NULL),
(39142, 'COD1579', 1, 1, 'CARLOS ALBERTO', 'PASTOR', 'VIGO', 1, '06050383', NULL),
(39143, 'COD1580', 1, 1, 'NICOLAS BARI', 'PALOMINO', 'CHOCCÑA', 1, '06056445', NULL),
(39144, 'COD1581', 1, 1, 'INES', 'LÓPEZ', 'GUZMAN DE LA CRUZ', 1, '06060394', NULL),
(39145, 'COD1582', 1, 1, 'UBALDO ASCENCIÓN', 'ORTIZ', 'GUARANDA', 1, '06065364', NULL),
(39146, 'COD1583', 1, 1, 'JOSE TEÓFILO', 'GONZÁLES', 'MENACHO', 1, '06072030', NULL),
(39147, 'COD1584', 1, 1, 'ERNESTO', 'MELÉNDEZ', 'SUÁREZ', 1, '06072032', NULL),
(39148, 'COD1585', 1, 1, 'PEDRO SERGIO', 'UGARTE', 'LEAÑO', 1, '06072036', NULL),
(39149, 'COD1586', 1, 1, 'PEDRO CELE', 'AYALA', 'AYALA', 1, '06072048', NULL),
(39150, 'COD1587', 1, 1, 'HERMÓGENES', 'CCORAHUA', 'GONZÁLES', 1, '06072613', NULL),
(39151, 'COD1588', 1, 1, 'DOMINGO', 'JARA', 'ORE', 1, '06072615', NULL),
(39152, 'COD1589', 1, 1, 'ALEJANDRO', 'AGUILAR', 'LIMACO', 1, '06072618', NULL),
(39153, 'COD1590', 1, 1, 'ANTONIO ALVARO', 'CERPA', 'GUTIÉRREZ', 1, '06072631', NULL),
(39154, 'COD1591', 1, 1, 'ERNESTO', 'VALDIVIEZO', 'VALDIVIEZO', 1, '06072636', NULL),
(39155, 'COD1592', 1, 1, 'CARMEN ELOÍSA', 'PINGLO', 'RIVERA', 1, '06080506', NULL),
(39156, 'COD1593', 1, 1, 'NORMA JUDITH', 'HERNÁNDEZ', 'TEJEDO DE NAVA', 1, '06096118', NULL),
(39157, 'COD1594', 1, 1, 'ADRIANA', 'ASPILCUETA', 'MANRRIQUE', 1, '06104232', NULL),
(39158, 'COD1595', 1, 1, 'JOSÉ AUGUSTO', 'PIÑEYRO', 'ACUÑA', 1, '06105854', NULL),
(39159, 'COD1596', 1, 1, 'VICTOR T', 'ARBAIZA', 'HUARANGA', 1, '06113917', NULL),
(39160, 'COD1597', 1, 1, 'DORA ADRIANA', 'VILLAGOMEZ', 'ACOSTA', 1, '06115188', NULL),
(39161, 'COD1598', 1, 1, 'ROBERTO ALFREDO', 'CONTRERAS', 'LUNA', 1, '06115191', NULL),
(39162, 'COD1599', 1, 1, 'ARTURO', 'GARCIA', 'LOPEZ', 1, '06122823', NULL),
(39163, 'COD1600', 1, 1, 'IRMA VICTORIA', 'MONTES', 'MATOS', 1, '06127766', NULL),
(39164, 'COD1601', 1, 1, 'ADRIANA ESTHER', 'SAMAMÉ', 'INFANTAS DE MARTÍNEZ', 1, '06132456', NULL),
(39165, 'COD1602', 1, 1, 'ZOILA PETR', 'TAPIA', 'DE BEJARAN', 1, '06137369', NULL),
(39166, 'COD1603', 1, 1, 'ANGELICA', 'VEGA', 'BOCANEGRA', 1, '06141604', NULL),
(39167, 'COD1604', 1, 1, 'NINFA PILAR', 'JARA', 'PANTIGOZO VDA DE ALVAREZ', 1, '06148692', NULL),
(39168, 'COD1605', 1, 1, 'JAIME VALDEMAR', 'DIAZ', 'PINILLOS', 1, '06158870', NULL),
(39169, 'COD1606', 1, 1, 'JOSÉ MANUEL', 'GARAY', 'HUAPAYA', 1, '06170227', NULL),
(39170, 'COD1607', 1, 1, 'JUANA LUZ', 'BENAVIDES', 'OLIVA', 1, '06172168', NULL),
(39171, 'COD1608', 1, 1, 'MAGDA M', 'ESQUIVEL', 'BARRETO', 1, '06189610', NULL),
(39172, 'COD1609', 1, 1, 'ANGÉLICA AMÉRICA', 'DOMENECH', 'DE GARCÉS', 1, '06194175', NULL),
(39173, 'COD1610', 1, 1, 'OSCAR', 'RAMIREZ', 'SALAZAR', 1, '06214144', NULL),
(39174, 'COD1611', 1, 1, 'JULIO', 'TORRES', 'VALER', 1, '06214516', NULL),
(39175, 'COD1612', 1, 1, 'JOSE SAMUE', 'REATEGUI', 'BRAGA', 1, '06214731', NULL),
(39176, 'COD1613', 1, 1, 'ORESTES AUBERTO', 'LEIVA', 'BURGA', 1, '06217717', NULL),
(39177, 'COD1614', 1, 1, 'RUDECINDO', 'FERNÁNDEZ', 'CABRERA', 1, '06226885', NULL),
(39178, 'COD1615', 1, 1, 'AURELIO MARINO', 'CABALLERO', 'MANRIQUE', 1, '06234827', NULL),
(39179, 'COD1616', 1, 1, 'JUAN FRANCISCO', 'MELÉNDEZ', 'LEÓN', 1, '06235171', NULL),
(39180, 'COD1617', 1, 1, 'ALVARO ANDRÉS', 'QUIÑE', 'NAVARRO', 1, '06236001', NULL),
(39181, 'COD1618', 1, 1, 'EDUARDO', 'REYES', 'MORALES', 1, '06240566', NULL),
(39182, 'COD1619', 1, 1, 'NESTOR LUIS', 'COSSI', 'PASACHE', 1, '06242932', NULL),
(39183, 'COD1620', 1, 1, 'ROSA NELLY', 'LAFORA', 'SENDER VDA DE MORAL', 1, '06478993', NULL),
(39184, 'COD1621', 1, 1, 'CARLOS WILFREDO', 'SODERSTROM', 'LÓPEZ LAVALLE', 1, '06498988', NULL),
(39185, 'COD1622', 1, 1, 'MAXIMILIANO', 'HUANAY', 'GÁLVEZ', 1, '06569248', NULL),
(39186, 'COD1623', 1, 1, 'ALFREDO FÉLIX', 'LANCHIPA', 'JUÁREZ', 1, '06601716', NULL),
(39187, 'COD1624', 1, 1, 'ALIA', 'SALEH', 'EGOAVIL', 1, '06604533', NULL),
(39188, 'COD1625', 1, 1, 'ROSA JULIA', 'CHIRINOS', 'ARISMENDI', 1, '06605792', NULL),
(39189, 'COD1626', 1, 1, 'CARMEN N', 'OLIVERA', 'MEJIA', 1, '06606564', NULL),
(39190, 'COD1627', 1, 1, 'ROBERTA ELEODORA', 'HIGINIO', 'ESPICHAN DE FLORES', 1, '06624838', NULL),
(39191, 'COD1628', 1, 1, 'MANUEL ALEJANDRO', 'PEIRANO', 'FIGUEROA', 1, '06630386', NULL),
(39192, 'COD1629', 1, 1, 'MARIA VICTORIA', 'TORRES', 'LOERO', 1, '06632110', NULL),
(39193, 'COD1630', 1, 1, 'CARLOS AUGUSTO SAN', 'PARODI', 'REMON', 1, '06640875', NULL),
(39194, 'COD1631', 1, 1, 'RAUL MAURO', 'LAZARTE', 'ACERO', 1, '06645131', NULL),
(39195, 'COD1632', 1, 1, 'MARIO FERNAN', 'LÓPEZ', 'MIRANDA', 1, '06645845', NULL),
(39196, 'COD1633', 1, 1, 'MARIA', 'CALDAS', 'LUNA VDA DE FLORES', 1, '06651406', NULL),
(39197, 'COD1634', 1, 1, 'SIMÓN', 'JUÁREZ', 'GÓNGORA', 1, '06659074', NULL),
(39198, 'COD1635', 1, 1, 'DAVID', 'PUN', 'WONG', 1, '06681367', NULL),
(39199, 'COD1636', 1, 1, 'HUGO WILDE', 'FLORES', 'MORENO', 1, '06681691', NULL),
(39200, 'COD1637', 1, 1, 'BETTY FAVIOLA', 'AYALA', 'VILLALOBOS', 1, '06684618', NULL),
(39201, 'COD1638', 1, 1, 'CARLOS ENR', 'VILLALOBOS', 'LAUCIRICA', 1, '06684619', NULL),
(39202, 'COD1639', 1, 1, 'JORGE', 'RONDO', 'RODRIGUEZ', 1, '06685816', NULL),
(39203, 'COD1640', 1, 1, 'FELICITA MARGARITA', 'GAMERO', 'MALPARTIDA', 1, '06687761', NULL),
(39204, 'COD1641', 1, 1, 'ANTONIO', 'ZIMICHI', 'SOTO', 1, '06690631', NULL),
(39205, 'COD1642', 1, 1, 'DIEGO', 'FALCÓN', 'HUARCAYA', 1, '06691577', NULL),
(39206, 'COD1643', 1, 1, 'ERNESTO ALBERTO', 'JIBAJA', 'CAMPOS', 1, '06696720', NULL),
(39207, 'COD1644', 1, 1, 'FÉLIX', 'PORTUGAL', 'SANCHEZ', 1, '06719452', NULL),
(39208, 'COD1645', 1, 1, 'YOLANDA', 'PINTADO', 'GONZÁLES', 1, '06731783', NULL),
(39209, 'COD1646', 1, 1, 'LEONIDAS', 'RENJIFO', 'FOWLER', 1, '06739834', NULL),
(39210, 'COD1647', 1, 1, 'MARIA DELFINA', 'ARANDA', 'ALVA DE LUNA', 1, '06742020', NULL),
(39211, 'COD1648', 1, 1, 'DULIO HERNÁN', 'PACHAS', 'LÉVANO', 1, '06799259', NULL),
(39212, 'COD1649', 1, 1, 'TEDDY', 'PANITZ', 'VARGAS', 1, '06805270', NULL),
(39213, 'COD1650', 1, 1, 'BUENAVENTURA', 'NOLASCO', 'RODRÍGUEZ', 1, '06813411', NULL),
(39214, 'COD1651', 1, 1, 'RAÚL', 'GALLOSO', 'NAUCAPOMA', 1, '06845305', NULL),
(39215, 'COD1652', 1, 1, 'TEODORO RAÚL', 'GARCÍA', 'LOPEZ', 1, '06927639', NULL),
(39216, 'COD1653', 1, 1, 'HERMINIA', 'PUNTO', 'BRAVO DE RODRÍGUEZ', 1, '06955873', NULL),
(39217, 'COD1654', 1, 1, 'MARCO ALFONSO', 'CADILLO', 'MÉNDEZ', 1, '06957635', NULL),
(39218, 'COD1655', 1, 1, 'LEONIDAS MIGUEL', 'LAYA', 'VERNAL', 1, '06976308', NULL),
(39219, 'COD1656', 1, 1, 'MARCELINO', 'ZAVALETA', 'POLICIO', 1, '06981804', NULL),
(39220, 'COD1657', 1, 1, 'JUAN', 'CALERO', 'HERRERA', 1, '06986748', NULL),
(39221, 'COD1658', 1, 1, 'JAIME DANIEL', 'AGUIRRE', 'GONZÁLES', 1, '06989437', NULL),
(39222, 'COD1659', 1, 1, 'JORGE ELIAS', 'CANALES', 'INGUANSE', 1, '07001242', NULL),
(39223, 'COD1660', 1, 1, 'ELA SANTOS', 'VALVERDE', 'CAÑAMERO DE LINARES', 1, '07010650', NULL),
(39224, 'COD1661', 1, 1, 'BERTHA', 'INGUANSE', 'RIVERO', 1, '07013065', NULL),
(39225, 'COD1662', 1, 1, 'ROSA ANGÉLICA', 'RODRIGUEZ', 'RUMALDO VDA DE ISOLA', 1, '07038186', NULL),
(39226, 'COD1663', 1, 1, 'AUGUSTO MANUEL', 'DOLORIER', 'CAMPOS', 1, '07040281', NULL),
(39227, 'COD1664', 1, 1, 'JACINTA', 'ZEVALLOS', 'CARRASCO', 1, '07049467', NULL),
(39228, 'COD1665', 1, 1, 'VIDAL', 'VIZCARDO', 'APCHO', 1, '07054119', NULL),
(39229, 'COD1666', 1, 1, 'JOSE', 'SANCHEZ', 'MANRIQUE', 1, '07057713', NULL),
(39230, 'COD1667', 1, 1, 'ROSA', 'CANELO', 'ALMEYDA', 1, '07082572', NULL),
(39231, 'COD1668', 1, 1, 'MÁXIMO FLORIÁN', 'CORNEJO', 'CORNEJO', 1, '07088013', NULL),
(39232, 'COD1669', 1, 1, 'JULIO M', 'REYES', 'GARCÍA', 1, '07089758', NULL),
(39233, 'COD1670', 1, 1, 'SILVESTRE', 'QUINTANILLA', 'HUAYTA', 1, '07096611', NULL),
(39234, 'COD1671', 1, 1, 'VICTOR', 'PINEDA', 'CHIPANA', 1, '07110067', NULL),
(39235, 'COD1672', 1, 1, 'FEDERICO', 'CORNEJO', 'PERALTA', 1, '07144427', NULL),
(39236, 'COD1673', 1, 1, 'MANUEL', 'ROMÁN', 'MENESES', 1, '07170475', NULL),
(39237, 'COD1674', 1, 1, 'VICTOR OSC', 'GARCIA', 'TOMA', 1, '07179043', NULL),
(39238, 'COD1675', 1, 1, 'REGULO SEGUNDO', 'VARGAS', 'CONTRERAS', 1, '07179918', NULL),
(39239, 'COD1676', 1, 1, 'MANUEL ROBERTO', 'GALVEZ', 'TRIGOSO', 1, '07188929', NULL),
(39240, 'COD1677', 1, 1, 'EVA ALICIA', 'CORONADO', 'SEMINARIO', 1, '07196060', NULL),
(39241, 'COD1678', 1, 1, 'VICTOR ANTONIO', 'HUAYTA', 'ORIUNDO', 1, '07197293', NULL),
(39242, 'COD1679', 1, 1, 'ELMA LIVIA', 'MARMOLEJO', 'TRAVI', 1, '07199739', NULL),
(39243, 'COD1680', 1, 1, 'LAURA', 'REINA', 'BABILONIA', 1, '07213174', NULL),
(39244, 'COD1681', 1, 1, 'SEGUNDO ARTURO', 'OLGUIN', 'ORBEGOSO', 1, '07215862', NULL),
(39245, 'COD1682', 1, 1, 'CÉSAR ROBERTO', 'ARIAS', 'QUINCOT', 1, '07270605', NULL),
(39246, 'COD1683', 1, 1, 'ALICIA', 'MONTALVÁN', 'PRADO', 1, '07279226', NULL),
(39247, 'COD1684', 1, 1, 'HAIDÉ ROSA', 'BUCCOLINI', 'SAENZ', 1, '07283046', NULL),
(39248, 'COD1685', 1, 1, 'OSMÁN AUGUSTO', 'WONG', 'LARENAS', 1, '07284259', NULL),
(39249, 'COD1686', 1, 1, 'PEDRO', 'HIDALGO', 'SALVAGNE', 1, '07299433', NULL),
(39250, 'COD1687', 1, 1, 'CELSO RONALD', 'WUNDER', 'VALENZUELA', 1, '07315306', NULL),
(39251, 'COD1688', 1, 1, 'JULIO CÉSAR', 'ALFARO', 'SÁNCHEZ', 1, '07357316', NULL),
(39252, 'COD1689', 1, 1, 'PABLO ALBERTO', 'DA-GIAU', 'VÁSQUEZ', 1, '07378281', NULL),
(39253, 'COD1690', 1, 1, 'MAURO ALFONSO', 'CIPRIANI', 'GIBSON', 1, '07378725', NULL),
(39254, 'COD1691', 1, 1, 'LILIA ESPERANZA', 'LANDA', 'MARULL VDA DE MORALES', 1, '07415345', NULL),
(39255, 'COD1692', 1, 1, 'ELIA', 'MONTALVAN', 'PRADO', 1, '07442690', NULL),
(39256, 'COD1693', 1, 1, 'ZELMIRA PETRONILA', 'CASTILLO', 'RODRIGUEZ DE ROSALES', 1, '07544095', NULL),
(39257, 'COD1694', 1, 1, 'MATILDE ROSA', 'VIGIL', 'ARISTA DE GUTIÉRREZ', 1, '07548218', NULL),
(39258, 'COD1695', 1, 1, 'DOMITILA', 'PORTILLA', 'BANDA', 1, '07548337', NULL),
(39259, 'COD1696', 1, 1, 'IRMA YOLANDA', 'VIZCARRA', 'ARENAZA DE PUJALT', 1, '07549483', NULL),
(39260, 'COD1697', 1, 1, 'ELVIRA CAR', 'DE LA PUEN', 'HAYA VDA D', 1, '07551700', NULL),
(39261, 'COD1698', 1, 1, 'CESAR HERNÁN', 'VÁSQUEZ', 'RIOS', 1, '07552221', NULL),
(39262, 'COD1699', 1, 1, 'ENNA TULA', 'ZAPATA', 'DIEZ CANSE', 1, '07552349', NULL),
(39263, 'COD1700', 1, 1, 'ANA CECILIA', 'CHÁVEZ', 'LLERENA DE ZEIDAN', 1, '07552702', NULL),
(39264, 'COD1701', 1, 1, 'MIGUEL', 'BOLÍVAR', 'CUETO', 1, '07553439', NULL),
(39265, 'COD1702', 1, 1, 'MARTHA CONSUELO', 'OLIVARES', 'COSTA DE URDANIVIA', 1, '07556353', NULL),
(39266, 'COD1703', 1, 1, 'ANA MARIA', 'TERUEL', 'TERUEL', 1, '07562892', NULL),
(39267, 'COD1704', 1, 1, 'FRANCIA', 'PEÑA', 'CORDOVA', 1, '07565315', NULL),
(39268, 'COD1705', 1, 1, 'CRISTÓBAL', 'VÍLCHEZ', 'TAMAYO', 1, '07566276', NULL),
(39269, 'COD1706', 1, 1, 'LAURA ISABEL', 'PAZOS', 'TENORIO DE SABERBEIN', 1, '07573190', NULL),
(39270, 'COD1707', 1, 1, 'MARIA TERESA ELISA', 'BOLIVAR', 'FERNANDINI', 1, '07573618', NULL),
(39271, 'COD1708', 1, 1, 'FILOMENA', 'MENDOZA', 'ROMERO', 1, '07574797', NULL),
(39272, 'COD1709', 1, 1, 'ROSA AMANDA', 'RUIZ', 'BEAS DE MEZA', 1, '07575504', NULL),
(39273, 'COD1710', 1, 1, 'LUIS ALFONSO', 'VALLADARES', 'RAMIREZ', 1, '07594951', NULL),
(39274, 'COD1711', 1, 1, 'MANUEL ENRIQUE', 'SABERBEIN', 'PAZOS', 1, '07595294', NULL),
(39275, 'COD1712', 1, 1, 'MARCELA MERCEDES', 'PASTOR', 'GUIDO', 1, '07604066', NULL),
(39276, 'COD1713', 1, 1, 'ALFREDO', 'ALFARO', 'JIMÉNEZ', 1, '07608783', NULL),
(39277, 'COD1714', 1, 1, 'MARLENE', 'STOLL', 'LUJAN DE LOLI', 1, '07642825', NULL),
(39278, 'COD1715', 1, 1, 'CARMEN RENEE', 'GARRETA', 'GASPARD', 1, '07699485', NULL),
(39279, 'COD1716', 1, 1, 'CARMELA', 'EDUARDO', 'FLORES GUERRA', 1, '07742304', NULL),
(39280, 'COD1717', 1, 1, 'ELISEO', 'CALDERON', 'PANIZO', 1, '07765705', NULL),
(39281, 'COD1718', 1, 1, 'MARIA DEL CARMEN', 'HORNA', 'DEL RIO', 1, '07775507', NULL),
(39282, 'COD1719', 1, 1, 'AGRIPINA TERESA', 'TRUCIOS', 'ZULOAGA', 1, '07781743', NULL),
(39283, 'COD1720', 1, 1, 'LUZ CLOTILDE', 'OVALLE', 'URBINA', 1, '07786361', NULL),
(39284, 'COD1721', 1, 1, 'HUMBERTO EFRAÍN', 'PEREA', 'SALAS', 1, '07803287', NULL),
(39285, 'COD1722', 1, 1, 'AMALIA ANGÉLICA', 'SIHUAY', 'VÁSQUEZ DE', 1, '07810277', NULL),
(39286, 'COD1723', 1, 1, 'ROSA', 'GONZÁLES VIGIL', 'PICASSO DE ROSPIGLIOSI', 1, '07820071', NULL),
(39287, 'COD1724', 1, 1, 'MARIA ISABEL', 'GUARDERAS', 'CORNEJO', 1, '07828848', NULL),
(39288, 'COD1725', 1, 1, 'CARLOS ALBERTO', 'OSORES', 'DURÁN', 1, '07839604', NULL),
(39289, 'COD1726', 1, 1, 'EMILIA', 'TORRELLY', 'GUTIÉRREZ', 1, '07841334', NULL),
(39290, 'COD1727', 1, 1, 'JORGE ESTÉBAN', 'MOSTO', 'MARCOS', 1, '07846262', NULL),
(39291, 'COD1728', 1, 1, 'LUIS', 'MAYORGA', 'PAREDES', 1, '07846831', NULL),
(39292, 'COD1729', 1, 1, 'KLEBERTH', 'RUBIO', 'ALOMIA', 1, '07848457', NULL),
(39293, 'COD1730', 1, 1, 'MANUEL', 'RODRÍGUEZ', 'ZÚÑIGA', 1, '07851714', NULL),
(39294, 'COD1731', 1, 1, 'SANTOS', 'BENITES', 'FUENTES', 1, '07898502', NULL),
(39295, 'COD1732', 1, 1, 'MARIA ANTONIETA', 'MORALES', 'ESPINO DE YU TANG', 1, '07911130', NULL),
(39296, 'COD1733', 1, 1, 'RAUL', 'PALACIOS', 'VALVERDE', 1, '07927918', NULL),
(39297, 'COD1734', 1, 1, 'BLANCA CECILIA', 'PAPI', 'RAMIREZ DE AVILA', 1, '07931438', NULL),
(39298, 'COD1735', 1, 1, 'TEDDY LINDAURA', 'FLORES', 'LLUMPO', 1, '07940724', NULL),
(39299, 'COD1736', 1, 1, 'SOCORRO SU', 'HUAMAN', 'ADRIANZEN', 1, '07941419', NULL),
(39300, 'COD1737', 1, 1, 'GRACIELA EMMA', 'DIAZ', 'LOLI DE MORENO', 1, '07954525', NULL),
(39301, 'COD1738', 1, 1, 'LUIS ENRIQUE', 'SUAZO', 'MEZA', 1, '07958261', NULL),
(39302, 'COD1739', 1, 1, 'ROSA LUZ', 'CASTILLO', 'JIMENEZ VDA DE CORRALES', 1, '07959233', NULL),
(39303, 'COD1740', 1, 1, 'ENRIQUE', 'RAMÍREZ', 'ROJAS', 1, '08009085', NULL),
(39304, 'COD1741', 1, 1, 'SAÚL ABEL', 'PAREDES', 'CRIBILLERO', 1, '08018167', NULL),
(39305, 'COD1742', 1, 1, 'QUITERIO AMADOR', 'VALLE', 'MIRANDA', 1, '08034495', NULL),
(39306, 'COD1743', 1, 1, 'GENARO', 'OJEDA', 'CARRASCO', 1, '08038800', NULL),
(39307, 'COD1744', 1, 1, 'LUCIO', 'DE LA VEGA', 'LIVIA', 1, '08043421', NULL),
(39308, 'COD1745', 1, 1, 'ENZO', 'HERNÁNDEZ', 'TORRES', 1, '08055168', NULL),
(39309, 'COD1746', 1, 1, 'HERMELINDA', 'CHAVEZ', 'RUIZ', 1, '08055376', NULL),
(39310, 'COD1747', 1, 1, 'SIMONA', 'LLOCLLA', 'CAMILLA', 1, '08056009', NULL),
(39311, 'COD1748', 1, 1, 'ALEJANDRO', 'PAUCAR', 'TACUCHI', 1, '08067705', NULL),
(39312, 'COD1749', 1, 1, 'JULIA', 'GÓMEZ', 'ROJAS', 1, '08080658', NULL),
(39313, 'COD1750', 1, 1, 'JOSÉ MANUEL', 'CORONADO', 'CAVERO', 1, '08081291', NULL),
(39314, 'COD1751', 1, 1, 'BENITO JORGE', 'OJEDA', 'PALACIOS', 1, '08091880', NULL),
(39315, 'COD1752', 1, 1, 'ARMANDO ANTONIO', 'SAENZ', 'MARÓN', 1, '08132197', NULL),
(39316, 'COD1753', 1, 1, 'DORA ISABEL', 'PADILLA', 'FERNÁNDEZ', 1, '08159448', NULL),
(39317, 'COD1754', 1, 1, 'FREDDY AUGUSTO', 'DÁVILA', 'MURRIEL', 1, '08183424', NULL),
(39318, 'COD1755', 1, 1, 'NÉLIDA VIOLETA', 'RIVERO', 'HERRERA', 1, '08183584', NULL),
(39319, 'COD1756', 1, 1, 'NAPOLEÓN', 'CÁRDENAS', 'BARDALES', 1, '08184634', NULL),
(39320, 'COD1757', 1, 1, 'JORGE EFRAÍN', 'RUIZ HUIDOBRO', 'SOLÍS', 1, '08185316', NULL),
(39321, 'COD1758', 1, 1, 'JESÚS', 'RAMÍREZ', 'LINO', 1, '08188506', NULL),
(39322, 'COD1759', 1, 1, 'DOMINGO ROBERTO', 'PRIETO', 'GARAY', 1, '08204633', NULL),
(39323, 'COD1760', 1, 1, 'LUZ VIOLETA', 'POW SANG', 'LÓPEZ DE QUIJANO', 1, '08210410', NULL),
(39324, 'COD1761', 1, 1, 'CARMEN HAYDEE', 'OTOYA', 'VÁSQUEZ DE SANABRIA', 1, '08211273', NULL),
(39325, 'COD1762', 1, 1, 'CLORINDA', 'PASSALACQUA', 'CARO DE MOYA', 1, '08216265', NULL),
(39326, 'COD1763', 1, 1, 'RICARDO', 'FERNANDINI', 'ARANA', 1, '08224065', NULL),
(39327, 'COD1764', 1, 1, 'GILMER ANTONIO', 'CACHO', 'CUBA', 1, '08229959', NULL),
(39328, 'COD1765', 1, 1, 'WILMA ANGÉLICA', 'CEVALLOS', 'LÓPEZ', 1, '08231454', NULL),
(39329, 'COD1766', 1, 1, 'CLARISA ISABEL', 'PASCO', 'SARMIENTO', 1, '08233641', NULL),
(39330, 'COD1767', 1, 1, 'ISABEL OTILIA', 'PALAO', 'DE FIEGE', 1, '08252290', NULL),
(39331, 'COD1768', 1, 1, 'JOSE MANUE', 'CHAVEZ DEL', 'MANRIQUE', 1, '08259112', NULL),
(39332, 'COD1769', 1, 1, 'ANGEL ALBERTO', 'CÓRDOVA', 'CASTILLO', 1, '08281294', NULL),
(39333, 'COD1770', 1, 1, 'LEONOR', 'CHÁVEZ', 'CAMPOS DE CHÁVEZ', 1, '08285539', NULL),
(39334, 'COD1771', 1, 1, 'CELSO', 'DOMINGUEZ', 'MEJIA', 1, '08288670', NULL),
(39335, 'COD1772', 1, 1, 'CÉSAR AUGUSTO', 'GONZALES', 'ZEA', 1, '08296956', NULL),
(39336, 'COD1773', 1, 1, 'SIMÓN', 'CESENARRO', 'CANZAYA', 1, '08297020', NULL),
(39337, 'COD1774', 1, 1, 'LUIS EMILIO', 'OSORIO', 'NÚÑEZ', 1, '08300614', NULL),
(39338, 'COD1775', 1, 1, 'LUIS', 'LOLI', 'OLIVERA', 1, '08312259', NULL),
(39339, 'COD1776', 1, 1, 'PEDRO ANGEL', 'POLO', 'FERNÁNDEZ', 1, '08316008', NULL),
(39340, 'COD1777', 1, 1, 'MOISÉS', 'LÓPEZ', 'VILLAR', 1, '08318717', NULL),
(39341, 'COD1778', 1, 1, 'VÍCTOR MANUEL', 'QUEVEDO', 'TEJADA', 1, '08323243', NULL),
(39342, 'COD1779', 1, 1, 'MARIANO', 'ALBERTO', 'MENDOZA', 1, '08325229', NULL),
(39343, 'COD1780', 1, 1, 'VICTORIA R', 'ALBORNOSO', 'DUEÑAS DE', 1, '08332594', NULL),
(39344, 'COD1781', 1, 1, 'MARINO BLAS', 'BETALLELUZ', 'LÓPEZ', 1, '08334370', NULL),
(39345, 'COD1782', 1, 1, 'MARIO HUMBERTO', 'ORTIZ', 'ESPINOZA', 1, '08345128', NULL),
(39346, 'COD1783', 1, 1, 'LUISA', 'ROMÁN', 'FELIX DE ROMÁN', 1, '08346757', NULL),
(39347, 'COD1784', 1, 1, 'LEONIL ANTONIO', 'GUTIERREZ', 'NAVARRETE', 1, '08351400', NULL),
(39348, 'COD1785', 1, 1, 'JUSTO PAST', 'QUISPE', 'SAAVEDRA', 1, '08354387', NULL),
(39349, 'COD1786', 1, 1, 'ANDRES A', 'COTRINA', 'MEJÍA', 1, '08359554', NULL),
(39350, 'COD1787', 1, 1, 'MARIA ERCILA', 'SILVA', 'DE VEGA', 1, '08362089', NULL),
(39351, 'COD1788', 1, 1, 'SIMÓN', 'VILLEGAS', 'CHÁVEZ', 1, '08362830', NULL),
(39352, 'COD1789', 1, 1, 'VICTOR', 'CONTRERAS', 'PUMA', 1, '08363136', NULL),
(39353, 'COD1790', 1, 1, 'JORDAN S', 'GUTIERREZ', 'QUISPE', 1, '08364549', NULL),
(39354, 'COD1791', 1, 1, 'ORLANDO', 'MORANTE', 'AGUILAR', 1, '08364946', NULL),
(39355, 'COD1792', 1, 1, 'HUMBERTO', 'RAMIREZ', 'GODOY', 1, '08364953', NULL),
(39356, 'COD1793', 1, 1, 'ALEJANDRO', 'ROCHA', 'PEREZ', 1, '08365581', NULL),
(39357, 'COD1794', 1, 1, 'VIRGINIA', 'VALVERDE', 'REPOMA DE PAQUILLAURI', 1, '08366523', NULL),
(39358, 'COD1795', 1, 1, 'DEMETRIO', 'LÓPEZ', 'JURO', 1, '08367604', NULL),
(39359, 'COD1796', 1, 1, 'MARCIAL', 'DE LA CRUZ', 'MEJIA', 1, '08370777', NULL),
(39360, 'COD1797', 1, 1, 'JUANA', 'ROJAS', 'MEDRANO DE ROCHA', 1, '08374931', NULL),
(39361, 'COD1798', 1, 1, 'JOSE MIGUE', 'CHIRE', 'VELASQUEZ', 1, '08380858', NULL),
(39362, 'COD1799', 1, 1, 'ELVIRA ROBERTA', 'ORTEGA', 'TELLO', 1, '08385360', NULL),
(39363, 'COD1800', 1, 1, 'PEDRO', 'ENCISO', 'LICAS', 1, '08387265', NULL),
(39364, 'COD1801', 1, 1, 'MANUEL ENRIQUE', 'REYES', 'TÁVARA', 1, '08395702', NULL),
(39365, 'COD1802', 1, 1, 'ARTEMIO ANTONIO', 'HUAYLLASCO', 'ESPINOZA', 1, '08415150', NULL),
(39366, 'COD1803', 1, 1, 'OLGA', 'GOLD', 'PLAZARTE DE MALDONADO', 1, '08416728', NULL),
(39367, 'COD1804', 1, 1, 'ENCARNACIÓN', 'MORENO', 'MURILLO', 1, '08422912', NULL),
(39368, 'COD1805', 1, 1, 'PAULA', 'CARRERA', 'AURIS VDA', 1, '08425507', NULL),
(39369, 'COD1806', 1, 1, 'GAMANIEL', 'ANAYA', 'PATIÑO', 1, '08427998', NULL),
(39370, 'COD1807', 1, 1, 'CÉSAR', 'BALLÓN', 'MOREANO', 1, '08431810', NULL),
(39371, 'COD1808', 1, 1, 'ESTHER', 'ALEJOS', 'POMA VDA. DE ESPINOZA', 1, '08434520', NULL),
(39372, 'COD1809', 1, 1, 'CELIA', 'FIGUEROA', 'NOLGO DE HUAYLLASCO', 1, '08451114', NULL),
(39373, 'COD1810', 1, 1, 'YOLANDA', 'CORRO', 'PASCUAL', 1, '08452795', NULL),
(39374, 'COD1811', 1, 1, 'ABDÓN ARMIDES', 'DELGADO', 'MENESES', 1, '08458192', NULL),
(39375, 'COD1812', 1, 1, 'MARIA SANTOS', 'VALLE', 'MIRANDA DE SÁNCHEZ', 1, '08496919', NULL),
(39376, 'COD1813', 1, 1, 'ALFREDO', 'HUAYLLASCO', 'ESPINOZA', 1, '08497771', NULL),
(39377, 'COD1814', 1, 1, 'LUIS MARINO', 'RODRÍGUEZ', 'HUAMANÍ', 1, '08510101', NULL),
(39378, 'COD1815', 1, 1, 'EDILBERTO', 'VERA', 'QUINTA', 1, '08510905', NULL),
(39379, 'COD1816', 1, 1, 'TEÓFILO', 'YARANGA', 'TIPE', 1, '08512515', NULL),
(39380, 'COD1817', 1, 1, 'GENOVEVA', 'VERDE', 'JARA', 1, '08513572', NULL),
(39381, 'COD1818', 1, 1, 'PATROCINIO VIDAL', 'ESPINOZA', 'ALIAGA', 1, '08513762', NULL),
(39382, 'COD1819', 1, 1, 'MARCOS', 'JULCAMORO', 'PEREZ', 1, '08535108', NULL),
(39383, 'COD1820', 1, 1, 'ANDRÉS ANTENÓGENES', 'MONTESINOS', 'CÓRDOVA', 1, '08546860', NULL),
(39384, 'COD1821', 1, 1, 'MIGUEL JOSÉ', 'LIÑAN', 'GALARZA', 1, '08553973', NULL),
(39385, 'COD1822', 1, 1, 'ABDÓN RODULFO', 'CORTEZ', 'NEYRA', 1, '08567169', NULL),
(39386, 'COD1823', 1, 1, 'JOSÉ', 'CUYA', 'CONTRERAS', 1, '08590983', NULL),
(39387, 'COD1824', 1, 1, 'MARIA', 'CARRANZA', 'HERNANDEZ', 1, '08599992', NULL),
(39388, 'COD1825', 1, 1, 'CONSUELO S', 'POMAJAMBO', 'REYES VDA.', 1, '08616121', NULL),
(39389, 'COD1826', 1, 1, 'JULIO FIDEL', 'TELLO', 'CHILCÓN', 1, '08725541', NULL),
(39390, 'COD1827', 1, 1, 'CLEOFE ANGELA', 'MOSCOSO', 'MORA DE GRAY', 1, '08736790', NULL),
(39391, 'COD1828', 1, 1, 'MARIA', 'ESPINOZA', 'MIRANDA', 1, '08745457', NULL),
(39392, 'COD1829', 1, 1, 'LEONCIO NICANOR', 'ITURRI', 'MURILLO', 1, '08745595', NULL),
(39393, 'COD1830', 1, 1, 'JOSE A.', 'CACERES', 'HEREDIA', 1, '08755061', NULL),
(39394, 'COD1831', 1, 1, 'HILDA RENE', 'GARCIA', 'MARTINELLI', 1, '08764838', NULL),
(39395, 'COD1832', 1, 1, 'CARMEN DELIA', 'CANALES', 'VÉLEZ VDA. DE VELASCO', 1, '08780067', NULL),
(39396, 'COD1833', 1, 1, 'VIDAL', 'SALGUERO', 'MALDONADO', 1, '08781403', NULL),
(39397, 'COD1834', 1, 1, 'ALEJANDRO', 'MARUSIC', 'ROSSITTO', 1, '08784524', NULL),
(39398, 'COD1835', 1, 1, 'JUVENTINO', 'MIJA', 'LUDEÑA', 1, '08798791', NULL),
(39399, 'COD1836', 1, 1, 'MÁXIMO', 'PÉREZ', 'MENDOZA', 1, '08799529', NULL),
(39400, 'COD1837', 1, 1, 'MARIA ISABEL', 'MEJÍA', 'SASÍN DE CASTRO', 1, '08800846', NULL),
(39401, 'COD1838', 1, 1, 'OSCAR RUPERTO', 'SANDOVAL', 'VÁSQUEZ', 1, '08808681', NULL),
(39402, 'COD1839', 1, 1, 'ABRAHAM', 'OTÁROLA', 'ZEGARRA', 1, '08812254', NULL),
(39403, 'COD1840', 1, 1, 'MIGUEL', 'CÁRDENAS', 'GUTIÉRREZ', 1, '08827361', NULL),
(39404, 'COD1841', 1, 1, 'EUSTACIO A', 'CASTRO', 'SALVADOR', 1, '08841517', NULL),
(39405, 'COD1842', 1, 1, 'CESAR GODOFREDO', 'OCAÑA', 'SOTOMAYOR', 1, '08845079', NULL),
(39406, 'COD1843', 1, 1, 'DALÍA TOMASA', 'BANDA', 'IBÁÑEZ', 1, '08854687', NULL),
(39407, 'COD1844', 1, 1, 'RAÚL', 'DURAND', 'DELGADO', 1, '08866127', NULL),
(39408, 'COD1845', 1, 1, 'NEMECIO', 'CÁCERES', 'NAVEROS', 1, '08894429', NULL),
(39409, 'COD1846', 1, 1, 'JOSÉ ANGEL', 'ROMÁN', 'TORRES', 1, '08909536', NULL),
(39410, 'COD1847', 1, 1, 'RAMÓN', 'MEDINA', 'VILLAFUERTE', 1, '08919491', NULL),
(39411, 'COD1848', 1, 1, 'ERASMO', 'CACERES', 'VIZARRETA', 1, '08924837', NULL),
(39412, 'COD1849', 1, 1, 'MATILDE', 'VILLAFUERTE', 'VDA DE MEDINA', 1, '08945751', NULL),
(39413, 'COD1850', 1, 1, 'MARCELINA', 'GERMÁN', 'ANAPAM DE APARCANA', 1, '08961407', NULL),
(39414, 'COD1851', 1, 1, 'JUAN MARIO', 'DELGADO', 'HERRERA', 1, '09072187', NULL),
(39415, 'COD1852', 1, 1, 'SERGIO JACINTO', 'HUAMÁN', 'NAVARRETE', 1, '09092977', NULL),
(39416, 'COD1853', 1, 1, 'BONIFACIO', 'HUILLCA', 'CUSI', 1, '09095616', NULL),
(39417, 'COD1854', 1, 1, 'FELIPE M', 'MINCHÁN', 'FERNÁNDEZ', 1, '09097347', NULL),
(39418, 'COD1855', 1, 1, 'GUSTAVO GREGORIO', 'ALLCCA', 'PEÑARANDA', 1, '09102530', NULL),
(39419, 'COD1856', 1, 1, 'ANTONIO N', 'CARRILLO', 'ROSAS', 1, '09109956', NULL),
(39420, 'COD1857', 1, 1, 'BASILIO', 'SALINAS', 'DONGO', 1, '09127127', NULL),
(39421, 'COD1858', 1, 1, 'JUAN CARLOS', 'ORELLANA', 'DELGADO', 1, '09127685', NULL),
(39422, 'COD1859', 1, 1, 'DOROTEA', 'FERNÁNDEZ', 'FELIX DE PATIÑO', 1, '09131753', NULL),
(39423, 'COD1860', 1, 1, 'LUCIA ESTHER', 'JIMÉNEZ', 'RICHTER DE HERMOZA', 1, '09163515', NULL),
(39424, 'COD1861', 1, 1, 'ZEFERINO', 'RAMOS', 'CHOQUE', 1, '09173458', NULL),
(39425, 'COD1862', 1, 1, 'ANTONIO CLEMENTE', 'WONG', 'ESCATE', 1, '09174258', NULL),
(39426, 'COD1863', 1, 1, 'APOLINARIO', 'ALEJANDRO', 'BONIFACIO', 1, '09191253', NULL),
(39427, 'COD1864', 1, 1, 'CARLOS LINANDRO', 'MARIN', 'CASAVERDE', 1, '09214655', NULL),
(39428, 'COD1865', 1, 1, 'MISAEL', 'ENCALADA', 'CASTILLO', 1, '09218591', NULL),
(39429, 'COD1866', 1, 1, 'MARIA JOSEFA', 'SILVA', 'ORTIZ DE MARÍN', 1, '09238936', NULL),
(39430, 'COD1867', 1, 1, 'ANSELMO', 'REYES', 'GARCIA', 1, '09240774', NULL),
(39431, 'COD1868', 1, 1, 'SEVERO CUSTODIO', 'GERVACIO', 'INOCENTE', 1, '09316130', NULL),
(39432, 'COD1869', 1, 1, 'MÁXIMO ANTOLINO', 'MARÍN', 'SÁNCHEZ', 1, '09320708', NULL),
(39433, 'COD1870', 1, 1, 'OLGA', 'AGUILAR', 'BARCO CELIS', 1, '09433892', NULL),
(39434, 'COD1871', 1, 1, 'MARÍA LUCILA', 'BECERRA', 'JARAMILLO', 1, '09535511', NULL),
(39435, 'COD1872', 1, 1, 'JAVIER AQUILES', 'ACOSTA', 'RODRÍGUEZ', 1, '09842624', NULL),
(39436, 'COD1873', 1, 1, 'FULGENCIO', 'HUAMÁN', 'VEGA', 1, '09988043', NULL),
(39437, 'COD1874', 1, 1, 'LORGIO', 'BARDALES', 'COTRINA', 1, '10043097', NULL),
(39438, 'COD1875', 1, 1, 'JUAN ERNESTO', 'ARCE', 'MELO', 1, '10139568', NULL),
(39439, 'COD1876', 1, 1, 'ROCIO DEL', 'DELGADO', 'WONG', 1, '10177036', NULL),
(39440, 'COD1877', 1, 1, 'SERAPIO', 'TEJEDA', 'BENITES', 1, '10241355', NULL),
(39441, 'COD1878', 1, 1, 'LILIA ENIT', 'ARÉVALO', 'GARCIA DE RIQUEROS', 1, '10280511', NULL),
(39442, 'COD1879', 1, 1, 'RENEE', 'BUENDIA', 'TOLEDO DE ESCURRA', 1, '10289527', NULL),
(39443, 'COD1880', 1, 1, 'OSCAR ALFREDO', 'PALIZA', 'NAOLA', 1, '10304705', NULL),
(39444, 'COD1881', 1, 1, 'ISOLINA MATILDE', 'JURADO', 'RIOS', 1, '10310677', NULL),
(39445, 'COD1882', 1, 1, 'CÉSAR', 'PEÑAFIEL', 'YRIGOYEN', 1, '10375006', NULL),
(39446, 'COD1883', 1, 1, 'FELIX HIPÓLITO', 'MONTES', 'FLORES', 1, '10513365', NULL),
(39447, 'COD1884', 1, 1, 'FORTUNATO JULIO', 'RODRÍGUEZ', 'ACOSTA', 1, '10514747', NULL),
(39448, 'COD1885', 1, 1, 'JUAN AMBROCIO', 'PEÑA', 'ÑAUPARI', 1, '10564780', NULL),
(39449, 'COD1886', 1, 1, 'MIGUEL ANGEL', 'ROJAS', 'MEZARINA', 1, '10567503', NULL),
(39450, 'COD1887', 1, 1, 'OSWALDO JESÚS', 'VÁSQUEZ', 'CERNA', 1, '10610929', NULL),
(39451, 'COD1888', 1, 1, 'SILVERIO', 'ROJAS', 'MAMANI', 1, '10687465', NULL),
(39452, 'COD1889', 1, 1, 'ELINA LUZ', 'SOLEDAD', 'HENRÍQUEZ', 1, '15592574', NULL),
(39453, 'COD1890', 1, 1, 'CATALINA', 'RÍOS', 'ALBERCA', 1, '15604421', NULL),
(39454, 'COD1891', 1, 1, 'ANDRES', 'ALEJANDRO', 'ALIAGA', 1, '16161687', NULL),
(39455, 'COD1892', 1, 1, 'MANUEL FRANCISCO', 'ROJAS', 'NEPO', 1, '16426441', NULL),
(39456, 'COD1893', 1, 1, 'JOSÉ EDUARDO', 'CUMPA', 'GILES', 1, '16632535', NULL),
(39457, 'COD1894', 1, 1, 'BERTHA CAR', 'GOICOCHEA', 'DE DELFIN', 1, '17865664', NULL),
(39458, 'COD1895', 1, 1, 'ISAAC', 'CÁCERES', 'URRIBARRI', 1, '17893497', NULL),
(39459, 'COD1896', 1, 1, 'NELLY HEDDY', 'NINAMANGO', 'VDA.DE TENICELA', 1, '19830025', NULL),
(39460, 'COD1897', 1, 1, 'JOSÉ LEÓN', 'DE LA CRUZ', 'CHUMPITAZ', 1, '19832146', NULL),
(39461, 'COD1898', 1, 1, 'JOSÉ CARLOS', 'SILVA', 'CANALES', 1, '21443330', NULL),
(39462, 'COD1899', 1, 1, 'FRANCISCA', 'VALDIVIA', 'DE OJEDA', 1, '23803337', NULL),
(39463, 'COD1900', 1, 1, 'LUISA', 'CARDEÑOSO', 'TAPIA', 1, '23883786', NULL),
(39464, 'COD1901', 1, 1, 'ELIAS ABEL', 'IRIGOYEN', 'MOSCOSO', 1, '25427998', NULL),
(39465, 'COD1902', 1, 1, 'FLORA RITA', 'PALET', 'ESPINOZA', 1, '25479408', NULL),
(39466, 'COD1903', 1, 1, 'B DANIEL', 'PONCE', 'ABAD', 1, '25481701', NULL),
(39467, 'COD1904', 1, 1, 'VICTOR RAÚL', 'CUADROS', 'MONTOYA', 1, '25487241', NULL),
(39468, 'COD1905', 1, 1, 'JOBINO', 'VILLACORTA', 'RUIZ', 1, '25588029', NULL),
(39469, 'COD1906', 1, 1, 'GUILLERMO', 'BARRETO', 'AYLLÓN', 1, '25590259', NULL),
(39470, 'COD1907', 1, 1, 'MICAELA MERCEDES', 'DIEZ', 'DE HERNÁNDEZ', 1, '25599327', NULL),
(39471, 'COD1908', 1, 1, 'INES ISABE', 'CAMACHO', 'PEREZ VDA', 1, '25599413', NULL),
(39472, 'COD1909', 1, 1, 'VILMA ANTONIA', 'RIVERA', 'DE CARTY', 1, '25656508', NULL),
(39473, 'COD1910', 1, 1, 'JAIME JUAN', 'GREEN', 'ORTIZ', 1, '25696677', NULL),
(39474, 'COD1911', 1, 1, 'HERMINIA CONCEPCIÓN', 'ROSALES', 'PAREDES', 1, '25726017', NULL),
(39475, 'COD1912', 1, 1, 'JUAN ANTONIO', 'CHÁVEZ', 'ARMAS', 1, '25801942', NULL),
(39476, 'COD1913', 1, 1, 'VICTOR ALBERTO', 'CISNEROS', 'CARIOLA', 1, '25851384', NULL),
(39477, 'COD1914', 1, 1, 'ISAIAS', 'ROJAS', 'VERA', 1, '27718229', NULL),
(39478, 'COD1915', 1, 1, 'ANGEL ARNALDO', 'GALDOS', 'RODRIGUEZ', 1, '29519409', NULL),
(39479, 'COD1916', 1, 1, 'PABLO', 'GRANDA', 'DONGO', 1, '30408273', NULL),
(39480, 'COD1917', 1, 1, 'PABLO HUMBERTO', 'CALISAYA', 'REYES', 1, '32118209', NULL),
(39481, 'COD1918', 1, 1, 'ALEXIS CRISTIAN', 'MORALES', 'WAM', 1, '41370818', NULL),
(39482, 'COD1919', 1, 1, 'ROY ANTONIO', 'MORALES', 'WAM', 1, '41871348', NULL),
(39483, 'COD1920', 1, 1, 'CARLOS MAGDOVAL', 'TENICELA', 'NINAMANGO', 1, '42214194', NULL),
(39484, 'COD1921', 1, 1, 'DANIEL DARÍO', 'LINARES', 'CAMPOS', 1, '42790683', NULL),
(39485, 'COD1922', 1, 1, 'GABRIELA A', 'TENICELA', 'NINAMANGO', 1, '44326492', NULL),
(39486, 'COD1923', 1, 1, 'DENNIS', 'CHAVEZ', 'CHAVEZ', 1, '44702495', NULL),
(39487, 'COD1925', 1, 1, 'HENRY EDGAR', 'MARIN', 'DIAZ', 1, '70249479', NULL),
(39488, 'COD1926', 1, 1, 'JOSE CIRILO', 'GRAY', 'MOSCOSO', 1, '80558158', NULL),
(39489, 'COD1927', 1, 1, 'PAOLA CARO', 'ROSALES', 'TEJADA', 1, '00004159', NULL),
(39490, 'COD1929', 1, 1, 'GABRIELA', 'TENICELA', 'NINAMANGO', 1, '08023368', NULL),
(39491, 'COD1931', 1, 1, 'JACKELINE', 'CHÁVEZ', 'CHÁVEZ', 1, '70539932', NULL),
(39492, 'COD1932', 1, 1, 'NADIA MARIA', 'SANCHEZ', 'VERGARA', 1, '41047985', NULL),
(39493, 'COD1945', 1, 1, 'EDUARDO ZENOBIO', 'TOLEDO', 'ALVA', 1, '08831783', NULL),
(39494, 'COD1946', 1, 1, 'EDUARDO HUMBERTO', 'OLIVOS', 'MEZA', 1, '09572719', NULL),
(39495, 'COD1947', 1, 1, 'RUDECINDO', 'VEGA', 'CARREAZO', 1, '08585154', NULL),
(39496, 'COD1949', 1, 1, 'GIOVANNA VANESSA', 'CHEEL', 'GARIBALDI', 1, '10273955', NULL),
(39497, 'COD1950', 1, 1, 'EBER', 'FIGUEROA', 'FARFAN', 1, '23950915', NULL),
(39498, 'COD1951', 1, 1, 'JORGE ESTUARDO', 'AMPUERO', 'ROBECCO', 1, '09204757', NULL),
(39499, 'COD1952', 1, 1, 'CRISTOBAL JOSE', 'MONDALGO', 'RODRIGUEZ', 1, '43476118', NULL),
(39500, 'COD1953', 1, 1, 'JAVIER EMILIO', 'TORRES', 'SEOANE', 1, '07559232', NULL),
(39501, 'COD1954', 1, 1, 'LUIS CESAR', 'MAURY', 'PARRA', 1, '08112364', NULL),
(39502, 'COD1955', 1, 1, 'MARIA EUGENIA', 'MOYANO', 'GARCIA', 1, '10734464', NULL),
(39503, 'COD1956', 1, 1, 'CARLOS ENRIQUE', 'YOPLAC', 'BAZALAR', 1, '09558164', NULL),
(39504, 'COD1957', 1, 1, 'SOCORRO DEL CARMEN', 'ALARCON', 'ROSARIO', 1, '09569116  ', NULL),
(39505, 'COD1959', 1, 1, 'SILVIA', 'BERMUDEZ', 'VALDIVIA', 1, '06269818', NULL),
(39506, 'COD1961', 1, 1, 'MAX', 'HERNANDEZ', 'CAMARERO', 1, '08259196', NULL),
(39507, 'COD1962', 1, 1, 'JULIANA GITZELA', 'REVILLA', 'ZEGARRA', 1, '40276473', NULL),
(39508, 'COD1963', 1, 1, 'ROXANA', 'VIZCARDO', 'VILLALBA', 1, '24000979', NULL),
(39509, 'COD1964', 1, 1, 'GIANCARLO', 'CASTIGLIONE', 'GUERRA', 1, '06805498', NULL),
(39510, 'COD1965', 1, 1, 'JORGE LUIS', 'SAENZ', 'AVENDAÑO', 1, '09223940', NULL),
(39511, 'COD1966', 1, 1, 'MARTHA LIZET', 'CASTILLO', 'AHUMADA', 1, '40626092', NULL),
(39512, 'COD1967', 1, 1, 'ROSA HILARIA', 'RAMIREZ', 'ONTANEDA', 1, '15582319', NULL),
(39513, 'COD1968', 1, 1, 'ANA LUISA', 'RIOS', 'GONZALES', 1, '05405160', NULL),
(39514, 'COD1969', 1, 1, 'MARIA ANGELICA', 'CARDENAS', 'BARTRA', 1, '01095976', NULL),
(39515, 'COD1970', 1, 1, 'AUGUSTO MALCOLM', 'APARICIO', 'ARRIETA', 1, '15487350', NULL),
(39516, 'COD1971', 1, 1, 'YADIRA ELIZABETH', 'CIPRIAN', 'ALVAREZ', 1, '23831723', NULL),
(39517, 'COD1972', 1, 1, 'ROLANDO', 'VALENTIN', 'ARIAS', 1, '04000520', NULL),
(39518, 'COD1973', 1, 1, 'VICTOR RAUL', 'NIÑO DE GUZMAN', 'ESPINOZA', 1, '04304555', NULL),
(39519, 'COD1974', 1, 1, 'FEDERICO IGNACIO', 'ARNILLAS', 'LAFERT', 1, '08764949', NULL),
(39520, 'COD1975', 1, 1, 'JAVIER', 'IGUIÑIZ', 'ECHEVARRIA', 1, '08265009', NULL),
(39521, 'COD1976', 1, 1, 'LUIS FELIPE', 'ZEGARRA', 'RUSSO', 1, '07227082', NULL),
(39522, 'COD1977', 1, 1, 'SILVIA MARIELLA', 'COSIO', 'JARA', 1, '07961079', NULL),
(39523, 'COD1978', 1, 1, 'MARTINA GISELLA', 'MARANGUNICH', 'RACHUMI', 1, '07614034', NULL),
(39524, 'COD1979', 1, 1, 'MARIA ANGELA', 'PEÑAFIEL', 'RODRIGUEZ', 1, '40950735', NULL),
(39525, 'COD1980', 1, 1, 'FERNANDO', 'FUENZALIDA', 'VOLLMAR', 1, '08811560', NULL),
(39526, 'COD1981', 1, 1, 'ROXANA', 'PAREJA', 'HAUDRY DE SOUCY', 1, '06294549', NULL),
(39527, 'COD1982', 1, 1, 'MARY VILMA', 'MOLLO', 'MEDINA', 1, '29322299', NULL),
(39528, 'COD1983', 1, 1, 'YURI ALEJANDRO', 'CHESSMAN', 'OLACHEA', 1, '00506151', NULL),
(39529, 'COD1984', 1, 1, 'CARMEN DEL PILAR', 'ESTELA', 'BENAVIDES', 1, '07815405', NULL),
(39530, 'COD1985', 1, 1, 'GUSTAVO AMIR', 'FLORES', 'HABOUD', 1, '09304369', NULL),
(39531, 'COD1986', 1, 1, 'GIOVANNA', 'PEÑAFLOR', 'GUERRA', 1, '09298439', NULL),
(39532, 'COD1995', 1, 1, 'SILVIA ROXANA', 'AMPUERO', 'MONTES', 1, '07267564', NULL),
(39533, 'COD1996', 1, 1, 'DANA SUSANA', 'CACERES', 'PAWLIKOWSKI', 1, '07854371', NULL),
(39534, 'COD1998', 1, 1, 'SANTIAGO NICOLÁS', 'BARREDA', 'ARIAS', 1, '08703343', NULL),
(39535, 'COD2000', 1, 1, 'ROQUE GASTON', 'CASTRO', 'YNGA', 1, '41145487', NULL),
(39536, 'COD2002', 1, 1, 'SALVADOR EDUARDO', 'DOMÍNGUEZ', 'LÓPEZ', 1, '42808973', NULL),
(39537, 'COD2003', 1, 1, 'RENEE VICTORIA', 'HERENCIA', 'VILLALTA', 1, '07330578', NULL),
(39538, 'COD2004', 1, 1, 'DIANA DOMINGA', 'FLORES', 'HUERTO', 1, '41119037', NULL),
(39539, 'COD2005', 1, 1, 'JOSE LUIS', 'CACHAY', 'VILLAR', 1, '10749955', NULL),
(39540, 'COD2006', 1, 1, 'JANINA', 'COTRINA', 'LINARES', 1, '01101194', NULL),
(39541, 'COD2007', 1, 1, 'WILLIAMS', 'ALVAREZ', 'SANCHEZ', 1, '23928178', NULL),
(39542, 'COD2008', 1, 1, 'ESLDER DANIEL', 'AGUERO', 'ROSPIGLIOSI', 1, '21526333', NULL),
(39543, 'COD2009', 1, 1, 'IVAN', 'MEINI', 'MENDEZ', 1, '09871220', NULL),
(39544, 'COD2010', 1, 1, 'FLOR ADELAIDA', 'AMORÒS', 'TERRONES', 1, '26629543', NULL),
(39545, 'COD2011', 1, 1, 'GISSELA MARILY', 'SUAREZ', 'MONTALVAN', 1, '05417050', NULL),
(39546, 'COD2012', 1, 1, 'ABRAHAM SANTIAGO', 'SILES', 'VALLEJOS', 1, '06645276', NULL),
(39547, 'COD2013', 1, 1, 'JAVIER', 'DIAZ ALBERTINI', 'FIGUERAS', 1, '00198539', NULL),
(39548, 'COD2014', 1, 1, 'FERNANDO', 'FERRERO', 'PAVIA', 1, '86142', NULL),
(39549, 'COD2015', 1, 1, 'SILVIA GLORIA', 'MERINO', 'FERNANDEZ', 1, '07221566', NULL),
(39550, 'COD2016', 1, 1, 'RONIE', 'RODRIGUEZ', 'ARTICA', 1, '07969586', NULL),
(39551, 'COD2017', 1, 1, 'LUISA GRACIELA', 'PRINA', 'RODRIGUEZ', 1, '07618846', NULL),
(39552, 'COD2018', 1, 1, 'ISABEL JACQUELINE', 'LA ROSA', 'VALLADARES', 1, '15724052', NULL),
(39553, 'COD2019', 1, 1, 'CLAUDIA CECILIA', 'ASCA', 'CORDANO', 1, '09382754', NULL),
(39554, 'COD2020', 1, 1, 'LISVETH VILMA', 'FLORES', 'DEL PINO', 1, '07935967', NULL),
(39555, 'COD2021', 1, 1, 'MARJORIE ODETTE', 'MELLET', 'PORTOCARRERO', 1, '10866939', NULL),
(39556, 'COD2022', 1, 1, 'MARINA OLGA', 'TEJADA', 'AMPUERO', 1, '40989987', NULL),
(39557, 'COD2023', 1, 1, 'FELIX ENRIQUE', 'NAPA', 'COSTA', 1, '07736838', NULL),
(39558, 'COD2024', 1, 1, 'IRMA GIOCONDA', 'NARANJO', 'LANDERER', 1, '09996964', NULL),
(39559, 'COD2025', 1, 1, 'MAURICIO FRANCISCO', 'OSORIO', 'ICOCHEA', 1, '10270032', NULL),
(39560, 'COD2026', 1, 1, 'DORIS MELISSA', 'BARANDIARAN', 'SALCEDO', 1, '40809408', NULL),
(39561, 'COD2027', 1, 1, 'CHRISTIAN DANIEL', 'RODRIGUEZ', 'RAMOS', 1, '40549807', NULL),
(39562, 'COD2028', 1, 1, 'JOSE ALEJANDRO', 'FERNANDEZ', 'CONCHA IZA', 1, '07186343', NULL),
(39563, 'COD2029', 1, 1, 'LUIS FRANCISCO', 'ROSA PEREZ', 'TUESTA', 1, '40526394', NULL),
(39564, 'COD2030', 1, 1, 'GASTON EDUARDO', 'CRUZ', 'ALCEDO', 1, '03566958', NULL),
(39565, 'COD2031', 1, 1, 'RICARDO', 'BALAREZO', 'CINO', 1, '09336556', NULL),
(39566, 'COD2032', 1, 1, 'MARTHA', 'GALLEGOS', 'ARATA', 1, '00482521', NULL),
(39567, 'COD2033', 1, 1, 'JOSE ANGEL', 'OSCANOA', 'LAGUNAS', 1, '05228410', NULL),
(39568, 'COD2034', 1, 1, 'AIDA RAQUEL', 'REBOLLEDO', 'ABANTO', 1, '40514324', NULL),
(39569, 'COD2035', 1, 1, 'ROBERTO', 'LI PADILLA', 'PADILLA', 1, '06044656', NULL),
(39570, 'COD2036', 1, 1, 'CARMEN FABIOLA', 'CARCAMO', 'GALVAN', 1, '30501458', NULL),
(39571, 'COD2037', 1, 1, 'TANIA GABRIELA', 'ZAMORA', 'MOLERO', 1, '31189581', NULL),
(39572, 'COD2038', 1, 1, 'ANA PATRICIA', 'INFANTE', 'VILLANUEVA', 1, '07271418', NULL),
(39573, 'COD2039', 1, 1, 'JACK MANUEL', 'ANGELES', 'MASLUCAN', 1, '10006370', NULL),
(39574, 'COD2040', 1, 1, 'JUAN CARLOS', 'ZAMORA', 'FUENTES', 1, '29714415', NULL),
(39575, 'COD2041', 1, 1, 'JULIO CESAR', 'BECERRA', 'BEISAGA', 1, '29425906', NULL),
(39576, 'COD2042', 1, 1, 'BELMAR', 'VELASQUEZ', 'RODRIGUEZ', 1, '01332943', NULL),
(39577, 'COD2043', 1, 1, 'DIANA MIRELLA', 'RIVERA', 'OLIVA', 1, '10611988', NULL),
(39578, 'COD2044', 1, 1, 'GURIN', 'ARAUCO', 'IZAGUIRRE', 1, '09302899', NULL),
(39579, 'COD2045', 1, 1, 'JOSEPH JESUS', 'ÑIQUE', 'GRENTZ', 1, '10173716', NULL),
(39580, 'COD2046', 1, 1, 'HERNAN RAMON', 'VELASCO', 'STOLL', 1, '43305452', NULL),
(39581, 'COD2047', 1, 1, 'JUAN CARLOS', 'PALMA', '', 1, '06139078', NULL),
(39582, 'COD2048', 1, 1, 'MAURICIO EDUARDO', 'ZUÑIGA', 'MONTES', 1, '08884429', NULL),
(39583, 'COD2049', 1, 1, 'TEODORO ALBERTO', 'GELDRES', 'MARCHENA', 1, '18887273', NULL),
(39584, 'COD2050', 1, 1, 'LEONOR', 'RODRIGUEZ', 'RUIZ', 1, '02845309', NULL),
(39585, 'COD2051', 1, 1, 'OSCAR ENRIQUE', 'MALCA', 'GUAYLUPO', 1, '07730393', NULL),
(39586, 'COD2052', 1, 1, 'LAURA MERY', 'URTEAGA', 'NEGRETE', 1, '16635025', NULL),
(39587, 'COD2053', 1, 1, 'LOIDA NOEMI', 'VILLANUEVA', 'ALEJO', 1, '10677260', NULL),
(39588, 'COD2054', 1, 1, 'JACQUELINE GABRIELA', 'QUISPE', 'QUINTANILLA', 1, '09925058', NULL),
(39589, 'COD2055', 1, 1, 'CESAR ARMANDO', 'FONG', 'ESPINOLA', 1, '10614405', NULL),
(39590, 'COD2056', 1, 1, 'MARIO HERNAN', 'REVOREDO', 'CASTAÑON', 1, '07828249', NULL),
(39591, 'COD2057', 1, 1, 'TEOFILO ADOLFO', 'SOTO', 'ALARCON', 1, '07927799', NULL),
(39592, 'COD2058', 1, 1, 'ORLANDO ALCIBIADES', 'LANEGRA', 'GRADOS', 1, '06720365', NULL);
INSERT INTO `tm_colaborador` (`id_colaborador`, `co_colaborador`, `id_cargo_laboral`, `id_sede`, `no_colaborador`, `ap_paterno_colaborador`, `ap_materno_colaborador`, `ti_documento`, `nu_documento`, `id_oficina`) VALUES
(39593, 'COD2059', 1, 1, 'MANUEL JESUS', 'CASTRO', 'GENTILLE', 1, '08152440', NULL),
(39594, 'COD2060', 1, 1, 'ARTURO FELIPE', 'ECHANDIA', 'SAAVEDRA', 1, '08487472', NULL),
(39595, 'COD2061', 1, 1, 'MARIO RICARDO', 'DRAGO EGO', 'AGUIRRE', 1, '42828671', NULL),
(39596, 'COD2062', 1, 1, 'MIGUEL FERNANDO', 'MALDONADO', 'CACERES', 1, '29483526', NULL),
(39597, 'COD2063', 1, 1, 'FRANCISCO ROGELIO', 'HUERTA', 'BENITES', 1, '17886384', NULL),
(39598, 'COD2064', 1, 1, 'GIOVANNI ALFONSO', 'HUANQUI', 'CANTO', 1, '29621980', NULL),
(39599, 'COD2065', 1, 1, 'JUAN MARDONIO', 'RIVERA', 'MEDINA', 1, '28275629', NULL),
(39600, 'COD2066', 1, 1, 'PERCY IGNACIO', 'MARIN LIRA', 'LIRA', 1, '08404031', NULL),
(39601, 'COD2067', 1, 1, 'LUIS RUBEN', 'PIMENTEL', 'LLAMOCCA', 1, '06789183', NULL),
(39602, 'COD2069', 1, 1, 'FRANKLIN', 'URTEAGA', 'MEDINA', 1, '25779411', NULL),
(39603, 'COD2070', 1, 1, 'JEAN PAUL', 'BENAVENTE', 'GARCIA', 1, '23932556', NULL),
(39604, 'COD2071', 1, 1, 'GRECIA ATENAS', 'MOSCOSO', 'MEJIA', 1, '40672217', NULL),
(39605, 'COD2072', 1, 1, 'EDITH ERMILA', 'PEREZ', 'FIGUEROA', 1, '09164119', NULL),
(39606, 'COD2073', 1, 1, 'CARLOS ANTONIO', 'GOMEZ', 'AQUINO', 1, '25584290', NULL),
(39607, 'COD2074', 1, 1, 'MONICA ROXANA', 'ROSELL', 'MEDINA', 1, '08807328', NULL),
(39608, 'COD2075', 1, 1, 'TANIA LUZ', 'SOTELO', 'MAGUIÑA', 1, '09751275', NULL),
(39609, 'COD2076', 1, 1, 'MARTIN ALDO', 'SARMIENTO', 'CARREÑO', 1, '08851591', NULL),
(39610, 'COD2077', 1, 1, 'ROBERTO USMARO', 'LOPEZ', 'PADILLA', 1, '08887829', NULL),
(39611, 'COD2078', 1, 1, 'CESAR ANTONIO', 'CHANGANAQUI', 'ROSALES', 1, '07609553', NULL),
(39612, 'COD2079', 1, 1, 'LOURDES CECILIA', 'TAPIA', 'NUÑEZ', 1, '09363458', NULL),
(39613, 'COD2080', 1, 1, 'CARLOS ALBERTO', 'CULLAS', 'SOTOMAYOR', 1, '00238187', NULL),
(39614, 'COD2081', 1, 1, 'HECTOR MANUEL', 'PALACIOS', 'CHAMORRO', 1, '08014761', NULL),
(39615, 'COD2082', 1, 1, 'HUMBERTO VICTOR', 'LINAREZ', 'COLOMA', 1, '10554888', NULL),
(39616, 'COD2083', 1, 1, 'EDGAR GUILLERMO', 'PECHE', 'SORIANO', 1, '07336758', NULL),
(39617, 'COD2084', 1, 1, 'MACHI EDWARDS', 'FERREL', 'DE LOS RIOS', 1, '40051893', NULL),
(39618, 'COD2085', 1, 1, 'LIDIA PATRICIA', 'AGUILAR', 'RODRIGUEZ', 1, '06251903', NULL),
(39619, 'COD2086', 1, 1, 'ROSARIO CLARITA', 'MARTINEZ', 'SOTO', 1, '25854473', NULL),
(39620, 'COD2087', 1, 1, 'MARIA ELENA', 'PEÑA', 'CUADROS', 1, '19936391', NULL),
(39621, 'COD2088', 1, 1, 'LUIS ALBERTO', 'OBALLE', 'MORA', 1, '07231943', NULL),
(39622, 'COD2089', 1, 1, 'FREDDY ALEJANDRO', 'FLOREZ', 'BARRIOS', 1, '07582627', NULL),
(39623, 'COD2090', 1, 1, 'WINSTON', 'VASQUEZ', 'AREVALO', 1, '06441774', NULL),
(39624, 'COD2091', 1, 1, 'JACKELINE MARIA DEL PILAR', 'LIZARRAGA', 'MONTENEGRO', 1, '40658006', NULL),
(39625, 'COD2092', 1, 1, 'LUIS SANTIAGO', 'CHANG', 'CHANG FUN', 1, '10000876', NULL),
(39626, 'COD2093', 1, 1, 'SAUL SILO', 'ASCARRUZ', 'SALAZAR', 1, '08546575', NULL),
(39627, 'COD2094', 1, 1, 'KARINA', 'VALDIVIA', 'TALAVERA', 1, '42401863', NULL),
(39628, 'COD2095', 1, 1, 'EDUARDO RAUL', 'BURGA', 'BARTHA', 1, '07874825', NULL),
(39629, 'COD2096', 1, 1, 'JOSE LUIS', 'MARIN', 'ALIAGA', 1, '00000131', NULL),
(39630, 'COD2097', 1, 1, 'OSCAR MARTIN ANGELO', 'VALDIZAN', 'ASTE', 1, '09391752', NULL),
(39631, 'COD2098', 1, 1, 'CESAR RICARDO', 'DAVILA', 'ARCE', 1, '09160924', NULL),
(39632, 'COD2099', 1, 1, 'GERMAN ALEJANDRO', 'RUIZ SANCHEZ', 'SALAZAR', 1, '43428470', NULL),
(39633, 'COD2100', 1, 1, 'MIGUEL ANGEL', 'CARLOS', 'CANALES', 1, '20051019', NULL),
(39634, 'COD2101', 1, 1, 'VICTOR HUGO', 'MENESES', 'TABOADA', 1, '09302975', NULL),
(39635, 'COD2102', 1, 1, 'RUBEN PATRICIO', 'GAJARDO', 'OSORIO', 1, '000261605', NULL),
(39636, 'COD2103', 1, 1, 'CARLOS ALBERTO', 'CALVO', 'ESTRELLA', 1, '10048295', NULL),
(39637, 'COD2104', 1, 1, 'ELSA MERCEDES', 'ZUBIATE', 'ANGELES', 1, '09786091', NULL),
(39638, 'COD2105', 1, 1, 'HAROLD VALENTIN', 'CAMPOS', 'URQUIZA', 1, '40272766', NULL),
(39639, 'COD2106', 1, 1, 'JAIME GONZALO', 'RODRIGUEZ', 'PAREDES', 1, '07759289', NULL),
(39640, 'COD2107', 1, 1, 'OSCAR ISAAC', 'OCHOA', 'OCHOA', 1, '23959483', NULL),
(39641, 'COD2108', 1, 1, 'LENNIN WILLIAM', 'POSTIGO', 'DE LA MOTTA', 1, '10493453', NULL),
(39642, 'COD2109', 1, 1, 'MARIA TERESA', 'LAVADO', 'VERA', 1, '07256241', NULL),
(39643, 'COD2110', 1, 1, 'MARIA DEL ROCIO', 'LECCA', 'RIVERA', 1, '07206730', NULL),
(39644, 'COD2111', 1, 1, 'HUBER ORLANDO', 'VEGA', 'RENGIFO', 1, '07318870', NULL),
(39645, 'COD2112', 1, 1, 'JORGE LUIS', 'CAYCHO', 'CELLE', 1, '07495477', NULL),
(39646, 'COD2113', 1, 1, 'ARTURO', 'VILLANUEVA', 'LI', 1, '09144163', NULL),
(39647, 'COD2114', 1, 1, 'EDITH ROSA LUISA', 'MENESES', 'LUY', 1, '08266673', NULL),
(39648, 'COD2115', 1, 1, 'CHRISTIAN LUIS', 'MEZA', 'VILLAFUERTE', 1, '41083303', NULL),
(39649, 'COD2116', 1, 1, 'RAUL EDUARDO', 'REY', 'MARTINEZ', 1, '15746230', NULL),
(39650, 'COD2117', 1, 1, 'ELVA CHARO', 'VALERIO', 'CONTRERAS', 1, '09805691', NULL),
(39651, 'COD2118', 1, 1, 'WILLIAM', 'ORIA', 'CHAVARRIA', 1, '08544786', NULL),
(39652, 'COD2119', 1, 1, 'JOSE LUIS', 'GUEROLA', 'SORIA', 1, '10222224', NULL),
(39653, 'COD2120', 1, 1, 'FRANCISCO ALBERTO', 'ALVARADO', 'CHOY', 1, '40032128', NULL),
(39654, 'COD2121', 1, 1, 'VICTOR MANUEL', 'GARRIDO', '', 1, '017109210', NULL),
(39655, 'COD2122', 1, 1, 'NORA ZENAIDA', 'ZEVALLOS', 'RIVADENEYRA', 1, '10320972', NULL),
(39656, 'COD2123', 1, 1, 'SILVIA ROSARIO', 'PALPAN', 'VILCA', 1, '08525561', NULL),
(39657, 'COD2124', 1, 1, 'PATRIZIO ATTILIO', 'PALAZETTI', 'GRECH', 1, '09378898', NULL),
(39658, 'COD2125', 1, 1, 'GUSTAVO', 'ANSCHUTZ', '', 1, '13531698', NULL),
(39659, 'COD2126', 1, 1, 'SANTIAGO RAFAEL', 'ZAVALA', 'MANRIQUE', 1, '08407521', NULL),
(39660, 'COD2127', 1, 1, 'ALEX LUIS', 'DIAZ', 'VASQUEZ', 1, '09313658', NULL),
(39661, 'COD2128', 1, 1, 'CARLOS ALBERTO', 'PINGUS', 'GOMEZ', 1, '09654150', NULL),
(39662, 'COD2129', 1, 1, 'PERCY', 'RICRA', 'CELIO', 1, '09459474', NULL),
(39663, 'COD2130', 1, 1, 'HECTOR GUILLERMO', 'HERNANDEZ', 'ALVARADO', 1, '10740272', NULL),
(39664, 'COD2131', 1, 1, 'ROBERTO CARLOS', 'LATORRE', 'LETONA', 1, '07262750', NULL),
(39665, 'COD2132', 1, 1, 'ALBERTO ENRIQUE', 'VALCARCEL', 'REMOND', 1, '07204038', NULL),
(39666, 'COD2133', 1, 1, 'ABRAHAM ELISEO', 'DAVILA', 'RAMON', 1, '06892108', NULL),
(39667, 'COD2134', 1, 1, 'MARIA ELIZABETH', 'WONG NONATO', 'DE MEDINA', 1, '08195847', NULL),
(39668, 'COD2135', 1, 1, 'ADOLFO HANS', 'VEGA', 'FAJARDO', 1, '00515273', NULL),
(39669, 'COD2136', 1, 1, 'HERNAN MAXIMILIANO', 'LUCAR', 'CUCULIZA', 1, '07976276', NULL),
(39670, 'COD2137', 1, 1, 'VAINA ZOILA', 'MARTEL', 'SILVA', 1, '06796573', NULL),
(39671, 'COD2138', 1, 1, 'MILTON ALBERTO', 'AGUILAR', 'ACOSTA', 1, '20108659', NULL),
(39672, 'COD2139', 1, 1, 'TEODORO', 'SANZ', 'GUTIERREZ', 1, '10303871', NULL),
(39673, 'COD2140', 1, 1, 'DAGOBERTO LUIS', 'DIAZ', 'DIAZ', 1, '07617933', NULL),
(39674, 'COD2141', 1, 1, 'MARIA CECILIA', 'PEREZ', 'APORTE', 1, '09860268', NULL),
(39675, 'COD2142', 1, 1, 'ALFREDO MARTIN', 'RONDON', 'CASTRO', 1, '10285164', NULL),
(39676, 'COD2143', 1, 1, 'JOSE ARMANDO', 'CALDERON', 'VALENZUELA', 1, '07379037', NULL),
(39677, 'COD2144', 1, 1, 'JORGE EDUARDO', 'CABRERA', 'GOMEZ', 1, '08785941', NULL),
(39678, 'COD2145', 1, 1, 'JUAN CARLOS', 'RAMIREZ', '', 1, '10656245', NULL),
(39679, 'COD2146', 1, 1, 'SHEYLLA KATHERINE', 'VILLANUEVA', 'QUISPE', 1, '18022164', NULL),
(39680, 'COD2147', 1, 1, 'LUIS', 'MARTINEZ', 'VASSALLO', 1, '620317600', NULL),
(39681, 'COD2148', 1, 1, 'MONICA INES', 'MORENO', '', 1, '06686470', NULL),
(39682, 'COD2149', 1, 1, 'ANA VICTORIA', 'MARTINEZ', 'FERRANDE', 1, '032690', NULL),
(39683, 'COD2150', 1, 1, 'JOSE ALBERTO', 'ALANYA', 'GOMEZ', 1, '40250710', NULL),
(39684, 'COD2151', 1, 1, 'GINA RUTH ABIGAIL', 'SANGUINETTI', 'REMUZGO', 1, '08023793', NULL),
(39685, 'COD2152', 1, 1, 'JOSE BENITO', 'VIVANCO', 'VIVANCO', 1, '06975194', NULL),
(39686, 'COD2153', 1, 1, 'SUSANA ANDREA', 'SEGOVIA', 'VALER', 1, '08836784', NULL),
(39687, 'COD2154', 1, 1, 'ENRIQUE LUIS', 'LOPEZ', 'HENRIQUEZ', 1, '09975556', NULL),
(39688, 'COD2155', 1, 1, 'JHONNY ROBERT', 'TORDOYA', 'VICTORIA', 1, '16709344', NULL),
(39689, 'COD2156', 1, 1, 'JOSE ANIBAL', 'ROJAS', 'GUTIERREZ', 1, '08889033', NULL),
(39690, 'COD2157', 1, 1, 'JULIO CESAR', 'TAPIA', 'SILGUERA', 1, '19841733', NULL),
(39691, 'COD2158', 1, 1, 'MARCO ANTONIO', 'SANTOS', 'RIVERA', 1, '23924251', NULL),
(39692, 'COD2159', 1, 1, 'FERNANDO DIMAS', 'MASALIAS', 'MARZO', 1, '10004532', NULL),
(39693, 'COD2160', 1, 1, 'JESUS EDGARDO', 'LIZARRAGA', 'LEGUIA', 1, '09177797', NULL),
(39694, 'COD2161', 1, 1, 'LUIS ALBERTO', 'OLAYA', 'BECERRA', 1, '09116040', NULL),
(39695, 'COD2162', 1, 1, 'ENZO FABRICIO', 'DEFILIPPI', 'ANGELDONIS', 1, '09335495', NULL),
(39696, 'COD2163', 1, 1, 'SILVIA ALEJANDRINA', 'YACTAYO', 'CORREA', 1, '09681963', NULL),
(39697, 'COD2164', 1, 1, 'HENRY ERNESTO', 'INFANTE', 'TAKEY', 1, '07926119', NULL),
(39698, 'COD2165', 1, 1, 'MARIA RAQUEL', 'OLIART', 'ARLLENTAR', 1, '23957070', NULL),
(39699, 'COD2166', 1, 1, 'JOSE LUIS', 'JORDAN', 'MARTINEZ', 1, '21869194', NULL),
(39700, 'COD2167', 1, 1, 'ALBERTO', 'COLLANTES', 'ALIAGA', 1, '40758991', NULL),
(39701, 'COD2168', 1, 1, 'JHONY ALBERTO', 'GARCIA', 'LLONTOP', 1, '10145127', NULL),
(39702, 'COD2169', 1, 1, 'SAULO', 'MARTINEZ', 'ZAMBRANO', 1, '42949913', NULL),
(39703, 'COD2170', 1, 1, 'GILDA', 'BIANCO', 'BENAVIDEZ', 1, '42364694', NULL),
(39704, 'COD2171', 1, 1, 'VICTOR MANUEL', 'NORIEGA', 'TOLEDO', 1, '26659061', NULL),
(39705, 'COD2205', 1, 1, 'LILIANA', 'MONTEZA', 'SAAVEDRA', 1, '08777118', NULL),
(39706, 'COD2206', 1, 1, 'MARIA ELENA', 'HUAMANI', 'RODRIGUEZ', 1, '07441042  ', NULL),
(39707, 'COD2207', 1, 1, 'LUIS FELIPE', 'CABALLERO', 'GRANDES', 1, '07886490', NULL),
(39708, 'COD2208', 1, 1, 'NELSON ALBERTO', 'BARRANTES', 'SANCHEZ', 1, '26702490', NULL),
(39709, 'COD2209', 1, 1, 'JHON HERNAN', 'CATACORA', 'CHOQUE', 1, '01234234', NULL),
(39710, 'COD2210', 1, 1, 'RAMIRO', 'ACOSTA', 'JAYME', 1, '06038062', NULL),
(39711, 'COD2211', 1, 1, 'ELMERT JAMES', 'CERNA', 'COBIAN', 1, '08387577', NULL),
(39712, 'COD2212', 1, 1, 'ROXANA PAOLA', 'COTRINA', 'DIOSES', 1, '40959048', NULL),
(39713, 'COD2213', 1, 1, 'ARMANDO EDGARDO', 'FIGUEROA', 'SANCHEZ', 1, '01111902', NULL),
(39714, 'COD2214', 1, 1, 'JULIO ANTONIO', 'GONZALES', 'CARDENAS', 1, '08332408', NULL),
(39715, 'COD2215', 1, 1, 'ANA LUZ', 'GUZMAN', 'GODOY', 1, '07066972', NULL),
(39716, 'COD2216', 1, 1, 'JOSE CARLOS', 'MERINO', 'VELEZ', 1, '07267925', NULL),
(39717, 'COD2217', 1, 1, 'HAYDEE MARIA', 'RIVAS', 'SUENG', 1, '15354110', NULL),
(39718, 'COD2218', 1, 1, 'FREDDY EDGAR', 'ARAMBURU', 'GARCIA', 1, '07238652', NULL),
(39719, 'COD2219', 1, 1, 'REYNANDO AQUILES', 'AGUILAR', 'AROHUANCA', 1, '01324026', NULL),
(39720, 'COD2220', 1, 1, 'ARNALDO', 'AREVALO', 'NIZAMA', 1, '03379349', NULL),
(39721, 'COD2221', 1, 1, 'NELIDA', 'CHULLA', 'VILLA', 1, '23976922', NULL),
(39722, 'COD2222', 1, 1, 'ROSMERY', 'CRUZ', 'CERNA', 1, '26704762', NULL),
(39723, 'COD2223', 1, 1, 'EDINSON ALEJANDRO', 'DOMINGUEZ', 'VERDE', 1, '41164540', NULL),
(39724, 'COD2224', 1, 1, 'MERY GUADALUPE', 'ENRIQUEZ', 'CASTRO', 1, '18059599', NULL),
(39725, 'COD2225', 1, 1, 'VIOLETA', 'FLORES', 'MARIN', 1, '23274372  ', NULL),
(39726, 'COD2226', 1, 1, 'ALDO JAVIER', 'FLORES', 'LEVEAU', 1, '01162981', NULL),
(39727, 'COD2227', 1, 1, 'ALEXIS ANEL', 'HUARIPATA', 'TORRES', 1, '19255163', NULL),
(39728, 'COD2228', 1, 1, 'BRADDY MAX', 'JULI', 'PALACIOS', 1, '41707810', NULL),
(39729, 'COD2229', 1, 1, 'JACKELYN ANDREA', 'LAZARO', 'GUADALUPE', 1, '42693526', NULL),
(39730, 'COD2230', 1, 1, 'YENY ELIZABETH', 'LAZO', 'CHAVEZ', 1, '42617932', NULL),
(39731, 'COD2231', 1, 1, 'SANTOS', 'NUÑEZ', 'GARCIA', 1, '05610355', NULL),
(39732, 'COD2232', 1, 1, 'JOSE ARTURO', 'PICHILINGUE', 'VELASQUEZ', 1, '15586845', NULL),
(39733, 'COD2233', 1, 1, 'YENNI', 'PONCE', 'CONDORI', 1, '40863951', NULL),
(39734, 'COD2234', 1, 1, 'SONIA', 'PORTOCARRERO', 'GUIBIN', 1, '26731076', NULL),
(39735, 'COD2235', 1, 1, 'ROSA', 'QUISPE', 'GODOY', 1, '28226318', NULL),
(39736, 'COD2236', 1, 1, 'JESSICA LILIANA', 'ROJAS', 'DOMINGUEZ', 1, '20072336', NULL),
(39737, 'COD2237', 1, 1, 'LUZMILA', 'ROJAS', 'SANDOVAL', 1, '01123256', NULL),
(39738, 'COD2238', 1, 1, 'JIMMY RAFAEL', 'SIFUENTES', 'MAGUIÑA', 1, '41435351', NULL),
(39739, 'COD2239', 1, 1, 'FLOR DE MARIA', 'SILVESTRE', 'ESTELA', 1, '16010268', NULL),
(39740, 'COD2240', 1, 1, 'SHIRLEY MELISSA', 'TORRES', 'CRUZ', 1, '40591671', NULL),
(39741, 'COD2241', 1, 1, 'MISAEL', 'TUEROS', 'GONZALES', 1, '28303919', NULL),
(39742, 'COD2242', 1, 1, 'JESSICA DILU', 'VALDIVIA', 'HUAMANI', 1, '42110529', NULL),
(39743, 'COD2243', 1, 1, 'MIGUEL ANGEL', 'LLERENA', 'MANCHEGO', 1, '29679953', NULL),
(39744, 'COD2244', 1, 1, 'MARICELA NANCI', 'QUISPE', 'CORDOVA', 1, '28309048', NULL),
(39745, 'COD2245', 1, 1, 'MARLENY', 'CAHUANA', 'QUISPE', 1, '40566302', NULL),
(39746, 'COD2246', 1, 1, 'CUSSY', 'TAIPE', 'PALOMINO', 1, '41325525', NULL),
(39747, 'COD2248', 1, 1, 'MERY', 'LAURENTE', 'CHAHUAYO', 1, '23276660', NULL),
(39748, 'COD2250', 1, 1, 'ROMMEL EISENHOWER', 'VALVAS', 'COSSIO', 1, '25779780', NULL),
(39749, 'COD2252', 1, 1, 'DANIEL', 'BABILONIA', 'CASANOVA', 1, '10323518', NULL),
(39750, 'COD2253', 1, 1, 'MARCO ANTONIO', 'ROJAS', 'MONTERO', 1, '06241730', NULL),
(39751, 'COD2254', 1, 1, 'Maria Regina', 'GONZALES', 'ORALES', 1, '43008373', NULL),
(39752, 'COD2255', 1, 1, 'DINA', 'DAVILA', 'TERRONES', 1, '45994991', NULL),
(39753, 'COD2256', 1, 1, 'NZALES PEREZ, RONY', 'GONZALES', 'PEREZ', 1, '04963883', NULL),
(39754, 'COD2257', 1, 1, 'GENARO', 'HERRERA', 'REQUEJO', 1, '33670598', NULL),
(39755, 'COD2258', 1, 1, 'MAXIMO', 'JIMENEZ', 'MARTEL', 1, '00000144', NULL),
(39756, 'COD2259', 1, 1, 'EDUARDO', 'LOPEZ', 'DE LA CRUZ', 1, '25857696', NULL),
(39757, 'COD2260', 1, 1, 'JAIR', 'MIGUEL', 'QUISPE', 1, '10057328', NULL),
(39758, 'COD2261', 1, 1, 'MAXIMO', 'MORATILLO', 'VEGA', 1, '09890036', NULL),
(39759, 'COD2262', 1, 1, 'LUIS FELIPE', 'RIVERA', 'TANTACHUCO', 1, '09541956', NULL),
(39760, 'COD2263', 1, 1, 'ALBERTY', 'RODRIGUEZ', 'VENTURA', 1, '33413308', NULL),
(39761, 'COD2264', 1, 1, 'TITO', 'SALAZAR', 'CONSTANTINO', 1, '01047299', NULL),
(39762, 'COD2265', 1, 1, 'SAMUEL', 'TAIPE', 'QUISPE', 1, '42816814', NULL),
(39763, 'COD2266', 1, 1, 'ROBER', 'VILLANUEVA', 'FERNANDEZ', 1, '00000145', NULL),
(39764, 'COD2267', 1, 1, 'RAFAEL HIPOLITO', 'ZAMBRANO', 'CARBAJAL', 1, '25746451', NULL),
(39765, 'COD2268', 1, 1, 'HENGEL SMIT', 'LEON', 'PAIMA', 1, '09902963', NULL),
(39766, 'COD2269', 1, 1, 'YOBANI', 'ALVARADO', 'VILCHEZ', 1, '80009671', NULL),
(39767, 'COD2270', 1, 1, 'LUIS GONZALO', 'FERNADEZ', 'DEL RIO', 1, '40482921', NULL),
(39768, 'COD2271', 1, 1, 'ELFUNCIO', 'DE LA CRUZ', 'HUAMAN', 1, '16310912', NULL),
(39769, 'COD2272', 1, 1, 'JOSE MANUEL', 'DE LA CRUZ', 'TANTALEAN', 1, '17409936', NULL),
(39770, 'COD2273', 1, 1, 'PERCY', 'PACHECO', 'LIRA', 1, '29550290', NULL),
(39771, 'COD2274', 1, 1, 'FREDDY FERNANDO', 'PINEDO', 'GARCIA', 1, '07860611', NULL),
(39772, 'COD2275', 1, 1, 'LUIS ALBERTO', 'GONZALES', 'TORRES', 1, '25571826', NULL),
(39773, 'COD2276', 1, 1, 'OLIVERTI', 'URBINA', 'COLCHADO', 1, '25577324', NULL),
(39774, 'COD2277', 1, 1, 'LUIS', 'QUIÑONES', 'ARIAS', 1, '08016230', NULL),
(39775, 'COD2278', 1, 1, 'WALTER TITO', 'JARA', 'SANCHEZ', 1, '08131901', NULL),
(39776, 'COD2279', 1, 1, 'VICTOR MANUEL', 'ORREAGA', 'VASQUEZ', 1, '40827214', NULL),
(39777, 'COD2280', 1, 1, 'WALTER AUGUSTO', 'PANTOJA', 'ASCASIBAR', 1, '16007044', NULL),
(39778, 'COD2281', 1, 1, 'EMILIO ANGEL', 'BERROSPI', 'ROSALES', 1, '09468013', NULL),
(39779, 'COD2282', 1, 1, 'JOSE LUIS', 'SAAVEDRA', 'ROMERO', 1, '08417350', NULL),
(39780, 'COD2283', 1, 1, 'HECTOR ABRAHAN', 'GALLARDAY', 'MORENO', 1, '40658522', NULL),
(39781, 'COD2284', 1, 1, 'MANUEL JESUS', 'MENDOZA', 'JIMENEZ', 1, '15398876', NULL),
(39782, 'COD2285', 1, 1, 'MOISES', 'GONZALES', 'CANO', 1, '07631111', NULL),
(39783, 'COD2286', 1, 1, 'TEOFILO', 'ARONTINCO', 'ROJAS', 1, '10675265', NULL),
(39784, 'COD2287', 1, 1, 'JOSE', 'PAUCAR', 'HUAMAN', 1, '09879730', NULL),
(39785, 'COD2288', 1, 1, 'DAVID WALTER', 'CABALLERO', 'TORRES', 1, '06010243', NULL),
(39786, 'COD2289', 1, 1, 'CARLOS', 'NOA', 'HUAMANI', 1, '25785298', NULL),
(39787, 'COD2290', 1, 1, 'Felix Elder', 'Zapana', 'Silbestre', 1, '42647985', NULL),
(39788, 'COD2291', 1, 1, 'Juana', 'Toscano', 'Ayala', 1, '41299357', NULL),
(39789, 'COD2292', 1, 1, 'ESPERANZA DEL PILAR', 'COLLAO', 'CAMPOS', 1, '08839713', NULL),
(39790, 'COD2293', 1, 1, 'BEATRÍZ', 'COTRINA', 'CARLOS', 1, '06776559', NULL),
(39791, 'COD2294', 1, 1, 'ERIK', 'ENCALADA', 'DIAZ', 1, '41637740', NULL),
(39792, 'COD2295', 1, 1, 'Cinthia', 'Ypanaque', 'Garay', 1, '44296476', NULL),
(39793, 'COD2296', 1, 1, 'Hernan', 'Cardenas', 'Medina', 1, '40826015', NULL),
(39794, 'COD2297', 1, 1, 'Gladys Esperanza', 'Cleque', 'Ramírez', 1, '92141026', NULL),
(39795, 'COD2298', 1, 1, 'MARILUZ', 'MILIAN', 'ARIAS', 1, '09903386', NULL),
(39796, 'COD2299', 1, 1, 'Carlos Arturo', 'Jiménez', 'Pre', 1, '80240172', NULL),
(39797, 'COD2300', 1, 1, 'Benito Felipe', 'Tortorelli', 'Jesús', 1, '44075306', NULL),
(39798, 'COD2301', 1, 1, 'Héctor Mauricio', 'Alata', 'Collao', 1, '42336700', NULL),
(39799, 'COD2302', 1, 1, 'Mauro Enrique', 'Gonzales', 'Ramos', 1, '45537689', NULL),
(39800, 'COD2303', 1, 1, 'Moises Niles', 'Cortez', 'Perez', 1, '40746435', NULL),
(39801, 'COD2304', 1, 1, 'Ruth Liliana', 'Licas', 'Mendoza', 1, '21450207', NULL),
(39802, 'COD2305', 1, 1, 'JHON ARTURO', 'DÍAZ', 'SALAZAR', 1, '07785746', NULL),
(39803, 'COD2306', 1, 1, 'Delia Marleni', 'Aponte', 'Ochante', 1, '10664406', NULL),
(39804, 'COD2307', 1, 1, 'Milagros', 'De la Cruz', 'Quintana', 1, '42562459', NULL),
(39805, 'COD2308', 1, 1, 'Luis Alberto', 'Roca', 'Díaz', 1, '41176720', NULL),
(39806, 'COD2309', 1, 1, 'MANUEL', 'MARTINEZ', 'MONTENEGRO', 1, '80629039', NULL),
(39807, 'COD2310', 1, 1, 'ROBERT ALEJANDRO', 'PEÑA', 'CUADROS', 1, '15738753', NULL),
(39808, 'COD2311', 1, 1, 'JESSICA', 'CASTAÑEDA', 'SOLANO', 1, '44277203', NULL),
(39809, 'COD2312', 1, 1, 'RAÚL ALFREDO', 'MELENDEZ', 'FONSECA', 1, '05382453', NULL),
(39810, 'COD2313', 1, 1, 'GILMER HIVAN', 'GÓMEZ', 'SOSA', 1, '09047379', NULL),
(39811, 'COD2314', 1, 1, 'MELVIN', 'MARTÍNEZ', 'MONTENEGRO', 1, '46403275', NULL),
(39812, 'COD2315', 1, 1, 'CARLA', 'CÁCERES', 'PAUCAR', 1, '29730812', NULL),
(39813, 'COD2316', 1, 1, 'PATRICK', 'DONAYRE', 'HUAYTA', 1, '80690034EO', NULL),
(39814, 'COD2317', 1, 1, 'PEDRO MANUEL', 'MACHACA', 'OROZCO', 1, '06072033', NULL),
(39815, 'COD2319', 1, 1, 'DORA VIRGINIA', 'BORRA', 'TOLEDO', 1, '08851035', NULL),
(39816, 'COD2320', 1, 1, 'NELLY ESTHER', 'GOZAR', 'LAVADO', 1, '10401642', NULL),
(39817, 'COD2321', 1, 1, 'ALEJANDRO', 'ARRIETA', 'LEON', 1, '44019321', NULL),
(39818, 'COD2322', 1, 1, 'ANIBAL', 'AGUILAR', 'GOMEZ', 1, '43567890', NULL),
(39819, 'COD2323', 1, 1, 'GUILLERMO DAN', 'YARICAHUA', 'IPARRAGUIRRE', 1, '10390791', NULL),
(39820, 'COD2324', 1, 1, 'SALVATORE', 'TRIPPI', 'ROSSEL', 1, '43567892', NULL),
(39821, 'COD2326', 1, 1, 'MARGARITA CLARIBEL', 'MATEU', 'BULLON', 1, '07486114', NULL),
(39822, 'COD2327', 1, 1, 'ROSARIO', 'SANTA GADEA', 'DUARTE', 1, '10831037', NULL),
(39823, 'COD2328', 1, 1, 'ALEJANDRO HUMBERTO', 'ZAGA', 'BENDEZU', 1, '28302898', NULL),
(39824, 'COD2329', 1, 1, 'NATALY', 'BALBIN', 'CHAVEZ', 1, '42999429', NULL),
(39825, 'COD2330', 1, 1, 'JOSSI NASYU', 'RAMIREZ', 'MARIÑOS', 1, '41088640', NULL),
(39826, 'COD2331', 1, 1, 'URSULA PATRICIA', 'RUIZ', 'VASQUEZ', 1, '0000002333', NULL),
(39827, 'COD2332', 1, 1, 'GISELL', 'DANGELO', 'ROMERO', 1, '44129652', NULL),
(39828, 'COD2333', 1, 1, 'ANTONELLA JESÚS', 'ROMERO', 'TOLEDO', 1, '41139548', NULL),
(39829, 'COD2334', 1, 1, 'DIANA VANESSA', 'CARDENAS', 'LANTOY', 1, '43568972', NULL),
(39830, 'COD2335', 1, 1, 'GENARO NAZAR', 'NEGRINI', 'BERECHE', 1, '07639336', NULL),
(39831, 'COD2336', 1, 1, 'PILAR', 'VILLANUEVA', 'FERNANDEZ', 1, '07870519', NULL),
(39832, 'COD2337', 1, 1, 'GUILLERMO VICTOR', 'GODOMAR', 'VEGA', 1, '06253430', NULL),
(39833, 'COD2338', 1, 1, 'RONALD ISIDORO', 'IBARRA', 'GONZALES', 1, '23994902', NULL),
(39834, 'COD2339', 1, 1, 'DEMETRIO', 'ESPADA', 'BARREDA', 1, '42864178', NULL),
(39835, 'COD2341', 1, 1, 'NATHANIEL RICARDO', 'GIMET', 'RASSMUSSEN', 1, '43567824', NULL),
(39836, 'COD2342', 1, 1, 'MARIA TERESA', 'GAMARRA', 'RODRIGUEZ', 1, '45674892', NULL),
(39837, 'COD2349', 1, 1, 'RONALD FERNANDO', 'MONTES', 'MATOS', 1, '16653897', NULL),
(39838, 'COD2351', 1, 1, 'BESSY BRAIDA', 'PASQUEL', 'SOTELO', 1, '44773061', NULL),
(39839, 'COD2356', 1, 1, 'RAUL', 'MOLINA', 'MARTINEZ', 1, '07777874', NULL),
(39840, 'COD2357', 1, 1, 'ARTURO ERNESTO', 'DELGADO', 'VIZCARRA', 1, '09304021', NULL),
(39841, 'COD2358', 1, 1, 'JORGE LUIS', 'LARA', 'PEÑA', 1, '41551083', NULL),
(39842, 'COD2359', 1, 1, 'JUAN', 'RODRIGUEZ', 'CORONEL', 1, '06667194', NULL),
(39843, 'COD2361', 1, 1, 'GINO ALEJANDRO', 'TREJO', 'MAGUIÑA', 1, '07636479', NULL),
(39844, 'COD2362', 1, 1, 'YEHUDE', 'SIMON', 'MUNARO', 1, '16448148', NULL),
(39845, 'COD2363', 1, 1, 'NANCY MARIA', 'SALAZAR', 'LLAQUE', 1, '08288629', NULL),
(39846, 'COD2364', 1, 1, 'FANNY LETICIA', 'REYES', 'MOSQUERA', 1, '41384567', NULL),
(39847, 'COD2366', 1, 1, 'MARIA FARAH', 'WONG', 'ABAD', 1, '09387869', NULL),
(39848, 'COD2368', 1, 1, 'NELSON', 'SHACK', 'YALTA', 1, '07263359', NULL),
(39849, 'COD2369', 1, 1, 'MARGOTH', 'QUISPE', 'ANAYA', 1, '28309911  ', NULL),
(39850, 'COD2370', 1, 1, 'MANUEL ADOLFO', 'LEON', 'GOMEZ', 1, '06771422', NULL),
(39851, 'COD2371', 1, 1, 'MERCEDES L', 'CAÑOLA', 'CARRASCO', 1, '16475053', NULL),
(39852, 'COD2372', 1, 1, 'ALBERTO MÁXIMO', 'PEREA', 'PORTILLA', 1, '25770430', NULL),
(39853, 'COD2373', 1, 1, 'JORGE LUIS', 'CHIQUINTA', 'ESPINOZA', 1, '43482416', NULL),
(39854, 'COD2374', 1, 1, 'JUAN CARLO', 'BENAVIDES', 'MEDINA', 1, '40173446', NULL),
(39855, 'COD2375', 1, 1, 'PIERRE AUGUSTO', 'NALVARTE', 'SALVATIERRA', 1, '09833501', NULL),
(39856, 'COD2376', 1, 1, 'SARA MARÍA', 'AROBES', 'ESCOBAR', 1, '07867641', NULL),
(39857, 'COD2377', 1, 1, 'LUZ ARLETT', 'PALACIOS', 'CHACON', 1, '09863689', NULL),
(39858, 'COD2378', 1, 1, 'SEGUNDO GUMERCINDO', 'VASQUEZ', 'GOMEZ', 1, '19208373', NULL),
(39859, 'COD2379', 1, 1, 'MARLENI', 'PIÑAN', '', 1, '10389670', NULL),
(39860, 'COD2380', 1, 1, 'FANNY YISET', 'GREY', 'MELENDEZ', 1, '41166770', NULL),
(39861, 'COD2381', 1, 1, 'AIDA MONICA', 'LA ROSA SANCHEZ', 'BAYES', 1, '07877604', NULL),
(39862, 'COD2382', 1, 1, 'ZEJAIME ANDRE', 'CHIARELLA', 'CALDERON', 1, '43804589', NULL),
(39863, 'COD2383', 1, 1, 'VICTOR MANUEL', 'CONCHA', 'ARANDA', 1, '10690351', NULL),
(39864, 'COD2384', 1, 1, 'LUIS JAVIER JORGE', 'MALAGA', 'COCCHELLA', 1, '09179433', NULL),
(39865, 'COD2385', 1, 1, 'MARTHA MABEL', 'CHUMBES', 'MARIN', 1, '09544269', NULL),
(39866, 'COD2386', 1, 1, 'EDSON JOEL', 'DELGADO', 'RODRIGUEZ', 1, '23947816', NULL),
(39867, 'COD2387', 1, 1, 'JORGE', 'INOCENTE', 'RAMIREZ', 1, '07973648', NULL),
(39868, 'COD2388', 1, 1, 'MIRKO JIM', 'ANGELES', 'ROSALES', 1, '42716939', NULL),
(39869, 'COD2389', 1, 1, 'FERNANDO', 'GONZALEZ', 'DIAZ', 1, '40945231', NULL),
(39870, 'COD2390', 1, 1, 'GRACIELA IRENE', 'ALFARO', 'MOREANO DE CASTRO', 1, '08834910', NULL),
(39871, 'COD2391', 1, 1, 'JANET', 'PORRAS', '', 1, '12345678', NULL),
(39872, 'COD2392', 1, 1, 'RICARDO', 'BLAS', 'HUERTA', 1, '40269572', NULL),
(39873, 'COD2393', 1, 1, 'EDILBERTO', 'ZAPANA', 'ZAPANA', 1, '90148551', NULL),
(39874, 'COD2394', 1, 1, 'BELIA', 'VILLA', 'VENTURA', 1, '40134242', NULL),
(39875, 'COD2395', 1, 1, 'ALFREDO', 'SERNAQUE', 'CASTILLO', 1, '06753155', NULL),
(39876, 'COD2396', 1, 1, 'JESSICA AMELIA', 'GUERRERO', 'PORTUGAL', 1, '10341216', NULL),
(39877, 'COD2397', 1, 1, 'ZOILA LOURDES CARMEN SANDRA', 'MENDOZA', 'DEL SOLAR', 1, '29303901', NULL),
(39878, 'COD2398', 1, 1, 'HERNANDO VENUS', 'MANTILLA', 'RODRIGUEZ', 1, '32790321', NULL),
(39879, 'COD2399', 1, 1, 'SAMUEL ELISEO', 'LUCIO', 'QUINTO', 1, '10345501', NULL),
(39880, 'COD2400', 1, 1, 'DIEGO ORLANDO', 'PERALTA', 'SICCIA', 1, '09451730', NULL),
(39881, 'COD2402', 1, 1, 'HERMELINDA ESTEFANÍA', 'CHAUCA', 'MALÁSQUEZ', 1, '08752660', NULL),
(39882, 'COD2403', 1, 1, 'MARÍA LUISA', 'CARRASCO', 'CHÁVEZ QUESADA DE CHÁVEZ', 1, '07802781', NULL),
(39883, 'COD2404', 1, 1, 'MARINA', 'PÉREZ', 'BAUTISTA DE CHIRE', 1, '08380857', NULL),
(39884, 'COD2405', 1, 1, 'VÍCTOR RAÚL', 'SHIGUIYAMA', 'KOBASHIGAWA', 1, '08207387', NULL),
(39885, 'COD2406', 1, 1, 'PAMELA JUDITH', 'PERAMAS', 'RIVERA', 1, '40157240', NULL),
(39886, 'COD2407', 1, 1, 'CARLOS', 'BARRENECHEA', 'LERCARI', 1, '10725023', NULL),
(39887, 'COD2408', 1, 1, 'VICTORIA', 'CARRILLO', 'FIESTAS', 1, '08738161  ', NULL),
(39888, 'COD2409', 1, 1, 'OSWALDO', 'ALVARADO', 'HORNA', 1, '08547876  ', NULL),
(39889, 'COD2410', 1, 1, 'ROSA ELVIRA', 'ACUÑA', 'MUÑOZ', 1, '43745421', NULL),
(39890, 'COD2411', 1, 1, 'CESAR ANDRES', 'ALVARADO', 'LEON', 1, '09163700', NULL),
(39891, 'COD2412', 1, 1, 'MARIA YNÉS', 'ARAGONEZ', 'YPARRAGUIRRE', 1, '08691291', NULL),
(39892, 'COD2413', 1, 1, 'ARIELA', 'ARANA', 'POZO', 1, '25522244', NULL),
(39893, 'COD2414', 1, 1, 'ROSA LEONOR', 'ASPAJO', 'MOZOMBITE', 1, '00043146', NULL),
(39894, 'COD2415', 1, 1, 'JOSE ANTONIO', 'BLOCK', 'CASTILLA', 1, '07717272', NULL),
(39895, 'COD2416', 1, 1, 'MARÍA ROSA DEL CARMEN', 'BOGGIO', 'CARRILLO DE IGUIÑIZ', 1, '09083891', NULL),
(39896, 'COD2417', 1, 1, 'HUGO MARTIN', 'BROUSSET', 'CHAMAN', 1, '41643801', NULL),
(39897, 'COD2418', 1, 1, 'LILIANA MERCEDES', 'GALVAN', 'HUANUCO', 1, '31674999', NULL),
(39898, 'COD2419', 1, 1, 'JOSE LUIS', 'CALLE', 'SOSA', 1, '03372673', NULL),
(39899, 'COD2420', 1, 1, 'MARTIN SILVIO', 'CARBAJAL', 'ZEGARRA', 1, '42416014', NULL),
(39900, 'COD2421', 1, 1, 'JESUS MANUEL', 'CARRASCO', 'MOSQUERA', 1, '10203972', NULL),
(39901, 'COD2422', 1, 1, 'FLORENTINO GERARDO', 'CASTAÑEDA', 'TAQUIRE', 1, '04066975', NULL),
(39902, 'COD2423', 1, 1, 'CARMEN ANGELICA', 'CCASO', 'GUTIERREZ', 1, '29539759', NULL),
(39903, 'COD2424', 1, 1, 'GILBERT', 'CHAVEZ', 'RAMOS', 1, '06273712', NULL),
(39904, 'COD2425', 1, 1, 'GUADIAN NELSON', 'CHAVEZ', 'CASIMIRO', 1, '06707006', NULL),
(39905, 'COD2426', 1, 1, 'LIZANDRO ISIDRO', 'CUTIPA', 'GOMEZ', 1, '04646460', NULL),
(39906, 'COD2428', 1, 1, 'AMADO DANIEL', 'ENCO', 'TIRADO', 1, '09692312', NULL),
(39907, 'COD2429', 1, 1, 'JESSICA SILVIA', 'ESTRADA', 'YAUYO', 1, '10652536', NULL),
(39908, 'COD2430', 1, 1, 'KENNEDY', 'FARJE', 'ALVA', 1, '08668547', NULL),
(39909, 'COD2431', 1, 1, 'ZOILA EMMA', 'FERNANDEZ', 'ESCUDERO', 1, '00070842', NULL),
(39910, 'COD2432', 1, 1, 'CLAUDIA MAGALY', 'FERNANDINI', 'VARGAS', 1, '40168821', NULL),
(39911, 'COD2433', 1, 1, 'CARMELITA', 'SANCHEZ', 'BAQUERIZO', 1, '20109528', NULL),
(39912, 'COD2434', 1, 1, 'VICTOR DAVID', 'GALARRETA', 'ENCINAS', 1, '10139054', NULL),
(39913, 'COD2435', 1, 1, 'FANNY', 'RUIZ', 'DE GONZALES', 1, '17854222', NULL),
(39914, 'COD2436', 1, 1, 'ANA MARIA', 'SAYAN', 'ALVARADO', 1, '23004525', NULL),
(39915, 'COD2437', 1, 1, 'ALFREDO FORTUNATO', 'MARCOS', 'ORTEGA', 1, '09273156', NULL),
(39916, 'COD2438', 1, 1, 'RAFAEL JOSE', 'SILVA', 'GUTIERREZ', 1, '08704897', NULL),
(39917, 'COD2439', 1, 1, 'NÉLIDA TERESA', 'MARTINEZ', 'LLAQUE', 1, '07330170', NULL),
(39918, 'COD2440', 1, 1, 'LUIS ALBERTO', 'MATOS', 'ZUÑIGA', 1, '20035000', NULL),
(39919, 'COD2441', 1, 1, 'CARLOS ALFREDO', 'MEZA', 'OBANDO', 1, '29428472', NULL),
(39920, 'COD2442', 1, 1, 'ZOILA', 'MINAYA', 'RUIZ', 1, '15611173', NULL),
(39921, 'COD2443', 1, 1, 'PAUL ANDERSON', 'SOPLIN', 'ALVARADO', 1, '40121847', NULL),
(39922, 'COD2444', 1, 1, 'ELARD FRED', 'MOLINA', 'LOPEZ', 1, '25750426', NULL),
(39923, 'COD2445', 1, 1, 'AGUSTIN', 'HAYA DE LA TORRE', 'DE LA ROSA', 1, '07723002', NULL),
(39924, 'COD2446', 1, 1, 'NANCY MARGOT', 'MORA', 'ANDAHUA', 1, '08669738', NULL),
(39925, 'COD2447', 1, 1, 'FERNANDO GAMABRIEL', 'TAVARA', 'CASTILLO', 1, '09168383  ', NULL),
(39926, 'COD2448', 1, 1, 'JUDITH MIRTHA', 'ORTEGA', 'MATUTE', 1, '28298779', NULL),
(39927, 'COD2449', 1, 1, 'HILDA', 'ORTIZ', 'FALCON', 1, '22487036', NULL),
(39928, 'COD2450', 1, 1, 'GERARDO MARTIN', 'TAVARA', 'CASTILLO', 1, '06758912', NULL),
(39929, 'COD2451', 1, 1, 'FREDDY EDUARDO', 'PALMA', 'MENDOZA', 1, '21516029', NULL),
(39930, 'COD2452', 1, 1, 'MARUJITA SOLEDAD', 'HUALLPARIMACHI', 'BUSTAMANTE', 1, '06089672', NULL),
(39931, 'COD2453', 1, 1, 'CESAR AGUSTO', 'PAZ', 'FERNANDEZ', 1, '06180425', NULL),
(39932, 'COD2454', 1, 1, 'ELMIRA', 'HUAYRA', 'HUARCAYA', 1, '23274119  ', NULL),
(39933, 'COD2455', 1, 1, 'JORGE EDUARDO', 'INGUNZA', 'HUAYNATE', 1, '08355797', NULL),
(39934, 'COD2456', 1, 1, 'PILAR MARIA', 'PRIETO', 'CHIRA', 1, '07854804', NULL),
(39935, 'COD2457', 1, 1, 'NILTON MARCELO', 'QUIÑONES', 'HUAYNA', 1, '10392319', NULL),
(39936, 'COD2458', 1, 1, 'SHEILA MAITEN', 'TINOCO', 'LOPEZ', 1, '10159650', NULL),
(39937, 'COD2459', 1, 1, 'LILIANA MARISOL', 'REQUENA', 'ACEVEDO', 1, '09640563', NULL),
(39938, 'COD2460', 1, 1, 'ALEJANDRO CIRILO', 'LAOS', 'FERNANDEZ', 1, '07103605', NULL),
(39939, 'COD2461', 1, 1, 'CESAREO CONRADO', 'TUESTA', 'SILVA', 1, '33432324', NULL),
(39940, 'COD2462', 1, 1, 'MARIO ALFREDO', 'LIRA', 'DIAZ', 1, '07922831  ', NULL),
(39941, 'COD2463', 1, 1, 'YELEIRA ROSSEMARY', 'LOPEZ', 'CABANA', 1, '29667424', NULL),
(39942, 'COD2464', 1, 1, 'VIVIANA FRIDA', 'VALZ GEN', 'RIVERA', 1, '09161906', NULL),
(39943, 'COD2465', 1, 1, 'MAIXA LUCIA', 'VARGAS', 'GILES', 1, '07611616', NULL),
(39944, 'COD2466', 1, 1, 'MARGOT MERY', 'DIAZ', 'RODRIGUEZ', 1, '09398723', NULL),
(39945, 'COD2467', 1, 1, 'GUILLERMO MARCELO', 'VARGAS', 'VEGA', 1, '10542157', NULL),
(39946, 'COD2468', 1, 1, 'ZOILA RUTH', 'VASQUEZ', 'REYES', 1, '06418014', NULL),
(39947, 'COD2469', 1, 1, 'LEONIDAS MANUEL', 'VELEZ', 'GONZALES', 1, '10151949', NULL),
(39948, 'COD2470', 1, 1, 'MIGUEL ANGEL', 'VILELA', 'SULLON', 1, '42149153', NULL),
(39949, 'COD2471', 1, 1, 'NEVILLE', 'VILLARREAL', 'ESTRADA', 1, '09618795', NULL),
(39950, 'COD2472', 1, 1, 'MARTHA SUSANA', 'ZEGARRA', 'TARQUI', 1, '06098185', NULL),
(39951, 'COD2473', 1, 1, 'MANUEL DARIO', 'CABRERA', 'ESPINOZA CHUECA', 1, '06104800', NULL),
(39952, 'COD2474', 1, 1, 'JOSE LUIS', 'SANCHEZ', 'CALDERON', 1, '07359753', NULL),
(39953, 'COD2475', 1, 1, 'DIRKA ISABEL', 'VAREA', 'RATTO', 1, '22497786', NULL),
(39954, 'COD2476', 1, 1, 'GLADYS ESTHER MARIA', 'RAMOS', 'CORNEJO', 1, '02667238', NULL),
(39955, 'COD2477', 1, 1, 'JUAN ALEXANDER', 'RODRIGUEZ', 'CARRION', 1, '09949146', NULL),
(39956, 'COD2478', 1, 1, 'WENDY ROSI', 'ALBAN', 'MARQUEZ', 1, '40121313', NULL),
(39957, 'COD2479', 1, 1, 'VIVIANA', 'ALFONSO', 'FERRE', 1, '42188392', NULL),
(39958, 'COD2480', 1, 1, 'GISSELLE EMPERATRIZ', 'CANALES', 'BECERRA', 1, '40177820', NULL),
(39959, 'COD2481', 1, 1, 'ROSA PATRICIA', 'CARRION', 'BARRIOS', 1, '09886332', NULL),
(39960, 'COD2482', 1, 1, 'ANANI', 'CONCHA', 'ROJAS', 1, '31124681', NULL),
(39961, 'COD2483', 1, 1, 'ROSSANA PATRICIA', 'ESCALANTE', 'DURAND', 1, '09852298', NULL),
(39962, 'COD2484', 1, 1, 'FRED MOISES', 'GOYTENDIA', 'MATOS', 1, '19825874', NULL),
(39963, 'COD2485', 1, 1, 'FELIX', 'GRANDEZ', 'MORENO', 1, '06753976', NULL),
(39964, 'COD2486', 1, 1, 'YSABEL', 'GUTIERREZ', 'YAGUI', 1, '09843047', NULL),
(39965, 'COD2487', 1, 1, 'CHRISTIAN MANUEL', 'LADRON DE GUEVARA', 'BOZA', 1, '23998761', NULL),
(39966, 'COD2488', 1, 1, 'LUIS ALBERTO', 'MARIÑO', 'VARGAS', 1, '06717166', NULL),
(39967, 'COD2489', 1, 1, 'RICARDO', 'MUÑOZ', 'PORTUGAL', 1, '29384080', NULL),
(39968, 'COD2490', 1, 1, 'EVARISTO LUCIANO', 'OYOLA', 'LOAYZA', 1, '02634795', NULL),
(39969, 'COD2491', 1, 1, 'SANDRA', 'PEREZ', 'CONTRERAS', 1, '28295543', NULL),
(39970, 'COD2492', 1, 1, 'LISSET', 'PORTUGAL', 'ESPINOZA', 1, '40976991 ', NULL),
(39971, 'COD2493', 1, 1, 'GIOVANNI', 'QUERO', 'ZANINI', 1, '18367432', NULL),
(39972, 'COD2494', 1, 1, 'MARIO', 'LEON', 'BORDA', 1, '31038150', NULL),
(39973, 'COD2495', 1, 1, 'ROCIO', 'QUISPE', 'QUISPE', 1, '45019010', NULL),
(39974, 'COD2496', 1, 1, 'FLOR DE MARIA', 'VILCHEZ', 'ALEGRIA', 1, '41622812', NULL),
(39975, 'COD2497', 1, 1, 'LUCIO EDWIN', 'SARMIENTO', 'OLAECHEA', 1, '06038731', NULL),
(39976, 'COD2498', 1, 1, 'LUBINDA', 'VELASQUEZ', 'ARRIETA', 1, '02744388', NULL),
(39977, 'COD2499', 1, 1, 'VELASQUEZ', 'LUBINDA', 'DEL ROSARIO', 1, '02744083', NULL),
(39978, 'COD2501', 1, 1, 'JUAN JUAN', 'PEREZ', 'PEREZ', 1, '00000100', NULL),
(39979, 'COD2502', 1, 1, 'JAIME ERNESTO', 'MARQUEZ', 'CALVO', 1, '08615407', NULL),
(39980, 'COD2503', 1, 1, 'JAVIER SALVADOR', 'VALLE', 'PANTALEÓN', 1, '08040233', NULL),
(39981, 'COD2504', 1, 1, 'RAFAEL JESUS', 'ESCAJADILLO', 'GROSSO', 1, '07603838', NULL),
(39982, 'COD2505', 1, 1, 'JORGE', 'CORTEZ', 'IRURI', 1, '02448122', NULL),
(39983, 'COD2506', 1, 1, 'GERARDO', 'MAZA', 'QUINDE', 1, '02669384', NULL),
(39984, 'COD2507', 1, 1, 'ROGER', 'GRONERTH', 'PINEDO', 1, '05339623', NULL),
(39985, 'COD2508', 1, 1, 'RAMON OSCAR', 'MURILLO', 'SERNA', 1, '23950423', NULL),
(39986, 'COD2509', 1, 1, 'MANUELA CLEVENTINA', 'TORRES', 'VILLARREAL', 1, '00000102', NULL),
(39987, 'COD2510', 1, 1, 'AMERICO RAUL', 'CONTRERAS', 'ABANTO', 1, '00000103', NULL),
(39988, 'COD2511', 1, 1, 'CARMEN DE LOURDES', 'BIAGGI', 'GOMEZ', 1, '00000104', NULL),
(39989, 'COD2512', 1, 1, 'FREDDY', 'QUINTEROS', 'VELA', 1, '00000105', NULL),
(39990, 'COD2513', 1, 1, 'GUIDO OMAR', 'SILVA', 'ARBILDO', 1, '00000106', NULL),
(39991, 'COD2514', 1, 1, 'JANET AIDA', 'VELASQUEZ', 'ARROYO', 1, '00000107', NULL),
(39992, 'COD2515', 1, 1, 'JORGE LUIS', 'FELICIANO', 'AMADO', 1, '00000108', NULL),
(39993, 'COD2517', 1, 1, 'JORGE', 'PAZ', 'GALLO', 1, '00000110', NULL),
(39994, 'COD2518', 1, 1, 'JOSE LUIS', 'PAUCAR', 'BALBIN', 1, '00000111', NULL),
(39995, 'COD2519', 1, 1, 'JOSE RODOLFO', 'RIVERA', 'MATURANA', 1, '00000112', NULL),
(39996, 'COD2520', 1, 1, 'LUIS', 'HERNANDEZ', 'HUARANGA', 1, '00000113', NULL),
(39997, 'COD2521', 1, 1, 'MARCO GUSTAVO', 'ESCUDERO', 'EGUSQUIZA', 1, '00000114', NULL),
(39998, 'COD2522', 1, 1, 'MARCO ANTONIO', 'FERNANDEZ', 'BAQUERIZO', 1, '00000115', NULL),
(39999, 'COD2524', 1, 1, 'RICARDO BRENN', 'ESCATE', 'CABRERA', 1, '00000117', NULL),
(40000, 'COD2525', 1, 1, 'RIVELINO FRAZIER', 'BREAS', 'CACERES', 1, '00000118', NULL),
(40001, 'COD2526', 1, 1, 'ROBERTO', 'TORRES', 'HUERTA', 1, '00000119', NULL),
(40002, 'COD2527', 1, 1, 'SONIA MALENA', 'RONCAL', 'SILVA', 1, '09151410', NULL),
(40003, 'COD2528', 1, 1, 'LUIS ALBERTO', 'PUICAN', 'SEMINARIO', 1, '41325050', NULL),
(40004, 'COD2529', 1, 1, 'EMERSON', 'PINO', 'TUANAMA', 1, '41315966', NULL),
(40005, 'COD2531', 1, 1, 'JORGE PATROCINIO', 'HERRERA', 'CRUZ', 1, '07431124', NULL),
(40006, 'COD2532', 1, 1, 'ANGELA', 'BONILLA', 'CAIRO', 1, '19850735', NULL),
(40007, 'COD2533', 1, 1, 'DECIO PASCUAL', 'QUISPE', 'CCARI', 1, '02144957', NULL),
(40008, 'COD2534', 1, 1, 'CALIXTO', 'SEJEKAM', 'ASANGKAY', 1, '33598188', NULL),
(40009, 'COD2535', 1, 1, 'VICTOR ENRIQUE', 'CHAVEZ FERRER', 'DERTEANO', 1, '07591893', NULL),
(40010, 'COD2536', 1, 1, 'BARTRA', 'JORGE', 'REATEGUI', 1, '00000125', NULL),
(40011, 'COD2537', 1, 1, 'CARLOS ALFREDO', 'ESPINOZA', 'ALEGRIA', 1, '08803995', NULL),
(40012, 'COD2538', 1, 1, 'MIGUEL', 'VELASQUEZ', 'GOICOCHEA', 1, '100000130', NULL),
(40013, 'COD2539', 1, 1, 'DENIS PAÚL', 'GUEVARA', 'SANTA MARÍA', 1, '44250510', NULL),
(40014, 'COD2540', 1, 1, 'JORGE', 'QUISPE', 'CHANCHA', 1, '23270717', NULL),
(40015, 'COD2541', 1, 1, 'MANUEL', 'SEVILLA', 'ECHEVARRYA', 1, '09382692', NULL),
(40016, 'COD2542', 1, 1, 'JAIME', 'LAM', 'SULEM', 1, '09304832', NULL),
(40017, 'COD2543', 1, 1, 'MARIA ESTHER', 'TORRES', 'MARTELL', 1, '44430579', NULL),
(40018, 'COD2544', 1, 1, 'YOLANDA ALCIRA', 'VERA', 'HUANQUI', 1, '07600928', NULL),
(40019, 'COD2545', 1, 1, 'ROY DAVID', 'MOLINA', 'MENACHO', 1, '31149737', NULL),
(40020, 'COD2546', 1, 1, 'PAOLO VIRGILIO', 'PEREZ', 'LAOS', 1, '40193307', NULL),
(40021, 'COD2547', 1, 1, 'KARINA VIRGINIA', 'FUENTES', 'OLIDEN', 1, '40146281', NULL),
(40022, 'COD2548', 1, 1, 'MARIA', 'REYES', 'CASTILLO', 1, '15863357', NULL),
(40023, 'COD2549', 1, 1, 'GLORIA ORIALIZ', 'ZIRENA', 'CATACORA', 1, '01221775', NULL),
(40024, 'COD2550', 1, 1, 'DEBORA MERCEDES', 'LINARES', 'GARCIA', 1, '05371467', NULL),
(40025, 'COD2551', 1, 1, 'DIANA MARLENE LISSETTE', 'CASTILLO', 'PISCO', 1, '09657482', NULL),
(40026, 'COD2552', 1, 1, 'VICTOR RAUL', 'PABLO', 'MARTINEZ', 1, '25631601', NULL),
(40027, 'COD2553', 1, 1, 'ROXANA GISELL', 'NOLI', 'CHAVEZ', 1, '09304123', NULL),
(40028, 'COD2554', 1, 1, 'PABLO ERNESTO', 'APARCANA', 'ESCATE', 1, '08201390', NULL),
(40029, 'COD2555', 1, 1, 'FRANCISCO ALCIDES', 'GOMEZ', 'APARCANA', 1, '21423226', NULL),
(40030, 'COD2556', 1, 1, 'ENRIQUE EDUARDO', 'AZURIN', 'GONZALES', 1, '10309196', NULL),
(40031, 'COD2557', 1, 1, 'ANDRES VICENTE', 'VARGAS', 'APOLINARIO', 1, '09979239', NULL),
(40032, 'COD2558', 1, 1, 'FRANCISCO FERNANDO', 'MORANTES', 'JINES', 1, '09073969', NULL),
(40033, 'COD2559', 1, 1, 'MIRTHA', 'MONTOYA', 'LOPEZ', 1, '42832506', NULL),
(40034, 'COD2563', 1, 1, 'MARIA INES DE LA ASUNCION', 'BARNECHEA', 'GARCIA', 1, '07777503', NULL),
(40035, 'COD2564', 1, 1, 'NATHANIEL RICARDO', 'GUIMET', 'RASMUSSEN', 1, '10586680', NULL),
(40036, 'COD2565', 1, 1, 'JESUS LORENZO', 'QUIROZ', 'LAGUNA', 1, '074929287', NULL),
(40037, 'COD2566', 1, 1, 'CESAR ANTONIO', 'LEON', 'SANCHEZ', 1, '40381702', NULL),
(40038, 'COD2567', 1, 1, 'FERNANDO', 'ANGLAS', 'ROSALES', 1, '06698307', NULL),
(40039, 'COD2568', 1, 1, 'NORMA ARCADIA', 'GUTIERREZ', 'PEÑA', 1, '08857567', NULL),
(40040, 'COD2571', 1, 1, 'PEDRO JOEL', 'RODRIGUEZ', 'MORENO', 1, '09588000', NULL),
(40041, 'COD2572', 1, 1, 'MIGUEL', 'KOHATSU', 'MIGUEL', 1, '40587727', NULL),
(40042, 'COD2573', 1, 1, 'MANUEL ALEJANDRO', 'BORROVICH', 'CACERES', 1, '09152053', NULL),
(40043, 'COD2574', 1, 1, 'SARA CECILIA', 'VALLE', 'SIERRA', 1, '40931195', NULL),
(40044, 'COD2575', 1, 1, 'JEDY SALOME', 'TEJADA', 'BERNAL', 1, '40658374', NULL),
(40045, 'COD2576', 1, 1, 'LIZ CATHERINE', 'ARTEAGA', 'MALLQUI', 1, '098719461', NULL),
(40046, 'COD2577', 1, 1, 'MAGNO ANTONIO', 'PELAEZ', 'ALCAS', 1, '08996123', NULL),
(40047, 'COD2580', 1, 1, 'BERTHA MARCEL', 'ESPINOZA', 'PEJERREY', 1, '40504601', NULL),
(40048, 'COD2583', 1, 1, 'ENRIQUE', 'CASTAÑEDA', 'ZUÑIGA', 1, '10607532', NULL),
(40049, 'COD2587', 1, 1, 'MIGUEL ANGEL', 'MENDOZA', 'MEJIA', 1, '32042563', NULL),
(40050, 'COD2590', 1, 1, 'MAX ANTONIO', 'HERNANDEZ', 'CAMARERO', 1, '08259190', NULL),
(40051, 'COD2591', 1, 1, 'ILSE SANDRA', 'MORENO', 'TORRES', 1, '40981146', NULL),
(40052, 'COD2592', 1, 1, 'ANA MARIA', 'CARO', 'MAITA', 1, '40260676', NULL),
(40053, 'COD2593', 1, 1, 'JOSE EDUARDO', 'ROCILLO', 'PAREDES', 1, '10201154', NULL),
(40054, 'COD2594', 1, 1, 'ESTRELLA CYNTHIA HAYDEE', 'ASENJO', 'VALDIVIESO', 1, '07871716', NULL),
(40055, 'COD2595', 1, 1, 'DIANA VANESSA', 'CARDENAS', 'LLANTOY', 1, '10767000', NULL),
(40056, 'COD2596', 1, 1, 'VICTOR JESUS', 'TAIPE', 'DIAZ', 1, '06666315', NULL),
(40057, 'COD2597', 1, 1, 'NATALI', 'MOREYRA', 'CABRERA', 1, '41256529', NULL),
(40058, 'COD2598', 1, 1, 'GISELLI MILUSKA', 'GARCIA', 'MADRID', 1, '06803217', NULL),
(40059, 'COD2601', 1, 1, 'MARCELA CECILIA', 'TORRES', 'VILLANUEVA', 1, '09136266', NULL),
(40060, 'COD2602', 1, 1, 'VIRGINIA ELENA', 'ROJAS', 'ROJAS', 1, '06772228', NULL),
(40061, 'COD2603', 1, 1, 'LUCIA INES', 'GASLAC', 'TORRES', 1, '07255445', NULL),
(40062, 'COD2605', 1, 1, 'ANGIE', 'JUNCHAYA', 'VIVAS', 1, '42952957', NULL),
(40063, 'COD2606', 1, 1, 'ROSMERY', 'FLORES', 'SALAZAR', 1, '41590566', NULL),
(40064, 'COD2607', 1, 1, 'JORGE LUIS', 'GUEVARA', 'LOZANO', 1, '00100457', NULL),
(40065, 'COD2609', 1, 1, 'ANA GABRIELA', 'RIOS', 'CUELLAR', 1, '07880851', NULL),
(40066, 'COD2610', 1, 1, 'OSCAR', 'ALVARO', 'AGUILAR', 1, '42264021', NULL),
(40067, 'COD2612', 1, 1, 'FRANCISCO', 'DE LA CRUZ', 'ARAMBURU', 1, '25782824', NULL),
(40068, 'COD2615', 1, 1, 'GINEBRA BEATRIZ', 'GONZALEZ', 'CUEVA', 1, '09533235', NULL),
(40069, 'COD2616', 1, 1, 'CYNTHIA JANET', 'ARGUMEDO', 'HERNANDEZ', 1, '09674053', NULL),
(40070, 'COD2617', 1, 1, 'NATALIO', 'CORDOVA', 'CORDOVA', 1, '09051823', NULL),
(40071, 'COD2618', 1, 1, 'ROCIO ESTEFANIA', 'QUISPE', 'QUISPE', 1, '29556919', NULL),
(40072, 'COD2619', 1, 1, 'EDWARD ANTHONY', 'REYES', 'LOPEZ', 1, '06779550', NULL),
(40073, 'COD2620', 1, 1, 'GLADYS AMERICA', 'SALAZAR', 'VELARDE', 1, '09405741', NULL),
(40074, 'COD2621', 1, 1, 'JULISSA', 'GARDELLA', 'SALAZAR', 1, '10669245', NULL),
(40075, 'COD2622', 1, 1, 'VITALIANO MARCELINO', 'PINEDA', 'MACEDO', 1, '10047948', NULL),
(40076, 'COD2623', 1, 1, 'ANGELA AURORA', 'CASTILLO', 'VELASQUEZ', 1, '42206331', NULL),
(40077, 'COD2624', 1, 1, 'CARLOS MARTIN', 'ARAMBULO', 'QUIROZ', 1, '41410855', NULL),
(40078, 'COD2625', 1, 1, 'FRANKLIN', 'REATEGUI', 'ACHING', 1, '06672295', NULL),
(40079, 'COD2626', 1, 1, 'OFELIA YDIDA', 'DAVILA', 'MONTENEGRO', 1, '07884382', NULL),
(40080, 'COD2627', 1, 1, 'MARIA TERESA', 'SANCHEZ', 'LECHUGA', 1, '40139119', NULL),
(40081, 'COD2628', 1, 1, 'NORMA GLADYS', 'BASTOS', 'CHAVEZ', 1, '08522539', NULL),
(40082, 'COD2629', 1, 1, 'JAVIER ANGEL', 'MESIA', 'MARAVI', 1, '10490755', NULL),
(40083, 'COD2630', 1, 1, 'MARGARITA APOLONIA', 'SEGURA', 'SANABRIA', 1, '10347479', NULL),
(40084, 'COD2632', 1, 1, 'CIPIRIANO VICTORIO', 'RIVERA', 'ATAUCUSI', 1, '42877717', NULL),
(40085, 'COD2633', 1, 1, 'CESAR AUGUSTO', 'TORRE', 'REYES', 1, '08019611', NULL),
(40086, 'COD2635', 1, 1, 'MODESTO', 'CUTIPA', 'YUNGA', 1, '01269411', NULL),
(40087, 'COD2636', 1, 1, 'JAVIER DANTE', 'SANCHEZ', 'AYTE', 1, '10645944', NULL),
(40088, 'COD2637', 1, 1, 'NANCY', 'MONTESINOS', 'CONDO', 1, '01286353', NULL),
(40089, 'COD2638', 1, 1, 'GONZALO ERNESTO', 'AGUILAR', 'RIVA', 1, '43976836', NULL),
(40090, 'COD2639', 1, 1, 'RODOLFO GIUSEPPE', 'FIERRO', 'NAQUICHE', 1, '06700886', NULL),
(40091, 'COD2640', 1, 1, 'ROBERTO', 'ESCOBAR', 'VULLANUEVA', 1, '41621542', NULL),
(40092, 'COD2641', 1, 1, 'CARMEN ANA MARIA', 'LORA', 'DE GAUTIER DE SAINT PAULET', 1, '06256640', NULL),
(40093, 'COD2642', 1, 1, 'LUZMILA', 'FLORES', 'SOLIS', 1, '23858309', NULL),
(40094, 'COD2643', 1, 1, 'FRANZ ARTHUR', 'TAIPE', 'FUNDES', 1, '42315785', NULL),
(40095, 'COD2644', 1, 1, 'LIZ VANESSA', 'ATOCHE', 'FEIJOO', 1, '42643698', NULL),
(40096, 'COD2645', 1, 1, 'REYNER JONATHAN', 'JIMENEZ', 'BERNAOLA', 1, '45920052', NULL),
(40097, 'COD2646', 1, 1, 'RAUL ARNALDO', 'LIZARRAGA', 'BOBBIO', 1, '08192638', NULL),
(40098, 'COD2647', 1, 1, 'FLOR DE MARIA', 'OCAS', 'CHAVEZ', 1, '26706504', NULL),
(40099, 'COD2648', 1, 1, 'JUAN KAROL', 'BARRERA', 'BALDEON', 1, '42908840', NULL),
(40100, 'COD2649', 1, 1, 'MILAGRITOS GRACIELA', 'ZEGARRA', 'RAMIREZ', 1, '22092158', NULL),
(40101, 'COD2650', 1, 1, 'EDWAR LENIN', 'CHUQUILIN', 'HERNANDEZ', 1, '43147154', NULL),
(40102, 'COD2651', 1, 1, 'JULISSA', 'VILCARROMERO', 'VALLE', 1, '41535472', NULL),
(40103, 'COD2652', 1, 1, 'ROCIO DEL PILAR', 'ALVAREZ', 'GARCIA', 1, '42723734', NULL),
(40104, 'COD2653', 1, 1, 'LISBETH EUFEMIA', 'FELICIANO', 'ZEGARRA', 1, '41455410', NULL),
(40105, 'COD2655', 1, 1, 'HERICO GABRIEL', 'MORE', 'MUÑOZ', 1, '43718102', NULL),
(40106, 'COD2656', 1, 1, 'HIPOLITO', 'ESPINOZA', 'PEREZ', 1, '09429067', NULL),
(40107, 'COD2657', 1, 1, 'RENE ELISEO', 'ÑAHUIRIMA', 'TICA', 1, '43927147', NULL),
(40108, 'COD2658', 1, 1, 'WILLIAM JUAN', 'ÑAUPARI', 'BALVIN', 1, '21262483', NULL),
(40109, 'COD2659', 1, 1, 'CELSO', 'VALDERRAMA', 'VASQUEZ', 1, '27748101', NULL),
(40110, 'COD2660', 1, 1, 'WILFREDO', 'ARREDONDO', 'RIVAS', 1, '23967229', NULL),
(40111, 'COD2661', 1, 1, 'JUAN ENRIQUE', 'SIERRA', 'CONTRERAS', 1, '07420937', NULL),
(40112, 'COD2662', 1, 1, 'SANDRA ERIKA', 'DAZA', 'CASTILLO', 1, '41528497', NULL),
(40113, 'COD2663', 1, 1, 'JULISSA', 'VILLAVICENCIO', 'LOZANO', 1, '096736920', NULL),
(40114, 'COD2664', 1, 1, 'MAXIMO RAMON', 'PEREZ', 'PRIETO', 1, '07821671', NULL),
(40115, 'COD2666', 1, 1, 'LUIS ABRAHAM', 'GOMERO', 'OSORIO', 1, '10681962', NULL),
(40116, 'COD2667', 1, 1, 'LINDA JANET', 'PORRAS', 'MENDOZA', 1, '10866959', NULL),
(40117, 'COD2668', 1, 1, 'JACQUELINE IMELDA', 'PEREA', 'MOSCOSO', 1, '07786068', NULL),
(40118, 'COD2669', 1, 1, 'LAURA NORMA', 'CORDOVA', 'FERNANDEZ', 1, '07750598', NULL),
(40119, 'COD2670', 1, 1, 'RAQUEL', 'POBLETE', 'MACEDO', 1, '44413828', NULL),
(40120, 'COD2672', 1, 1, 'JESUS MANUEL', 'CONTRERAS', 'ZAMBRANO', 1, '10605631', NULL),
(40121, 'COD2673', 1, 1, 'LUIS MODESTO', 'VEGA', 'SANDI', 1, '00115971', NULL),
(40122, 'COD2675', 1, 1, 'MARJORRY JOHANA', 'ORTEGA', 'ROSALES', 1, '44153053', NULL),
(40123, 'COD2677', 1, 1, 'PATRICIA PAOLA', 'CHAMOCHUMBI', 'ALCANTARA', 1, '40088803', NULL),
(40124, 'COD2678', 1, 1, 'YSABEL KARINA', 'PAREJA', 'ZEA', 1, '40218613', NULL),
(40125, 'COD2679', 1, 1, 'MARIBEL ROSA', 'BOLAÑOS', 'MENDOZA', 1, '32961578', NULL),
(40126, 'COD2680', 1, 1, 'JON HUGO N I', 'ENRIQUEZ', 'MOSCOSO', 1, '07004119', NULL),
(40127, 'COD2681', 1, 1, 'YELINA MILAGROS', 'DIAZ', 'MANCHEGO', 1, '41602462', NULL),
(40128, 'COD2682', 1, 1, 'GUSTAVO JERONIMO', 'MAMANI', 'CHIVIGORRE', 1, '43292713', NULL),
(40129, 'COD2683', 1, 1, 'MARIA', 'VASQUEZ', 'VASQUEZ', 1, '10379176', NULL),
(40130, 'COD2684', 1, 1, 'CIRILO ALEJANDRO', 'GOMEZ', 'ARIAS', 1, '07239235', NULL),
(40131, 'COD2685', 1, 1, 'PATRICIA', 'CARDOZO', 'SALDAÑA', 1, '09770667', NULL),
(40132, 'COD2686', 1, 1, 'LUIS', 'ARANCIBIA', 'BARENA', 1, '07201858', NULL),
(40133, 'COD2687', 1, 1, 'EUWING WILLIAMS', 'MENDOZA', 'TORRE', 1, '44852762', NULL),
(40134, 'COD2688', 1, 1, 'ROMULO RAUL', 'SERPA', 'ALAYA', 1, '00000150', NULL),
(40135, 'COD2689', 1, 1, 'OSCAR', 'RAZURI', 'LOZANO', 1, '41304451', NULL),
(40136, 'COD2690', 1, 1, 'RICARDO', 'RUIZ', 'MOSCOL', 1, '02658958', NULL),
(40137, 'COD2691', 1, 1, 'MILAGROS FLORENCIA', 'LOPEZ ', 'QUEVEDO', 1, '43432646', NULL),
(40138, 'COD2692', 1, 1, 'RITA PAOLA', 'FLORES ', 'RIOS ', 1, '40675811 ', NULL),
(40139, 'COD2693', 1, 1, 'JOSEPH ', 'POZSGAI ', 'ALVAREZ ', 1, '42870683', NULL),
(40140, 'COD2694', 1, 1, 'JOSE LUIS', 'MONTALVO', 'MEJIA', 1, '32131201', NULL),
(40141, 'COD2695', 1, 1, 'ENRICO AMADOR ', 'SCHIAFFINO ', 'WILSON ', 1, '06216585', NULL),
(40142, 'COD2696', 1, 1, 'MAGALI ', 'MORA', 'LORENZI', 1, '09301367', NULL),
(40143, 'COD2697', 1, 1, 'JAVIER ERASMO ', 'CARMELO ', 'RAMOS ', 1, '43323474', NULL),
(40144, 'COD2698', 1, 1, 'ROMULO RAUL', 'CERPA', 'LAYA', 1, '40809876', NULL),
(40145, 'COD2699', 1, 1, 'DAVID', 'ENRIQUEZ', 'RODRIGUEZ', 1, '40989519', NULL),
(40146, 'COD2700', 1, 1, 'JULIO ALFREDO', 'ROJAS', 'SILVERA', 1, '42593916', NULL),
(40147, 'COD2701', 1, 1, 'JUAN CARLOS', 'PEREZ', 'PEREZ', 1, '00000181', NULL),
(40148, 'COD2702', 1, 1, 'NILKS CESAR', 'BULLON', 'ECHAIZ', 1, '41379915', NULL),
(40149, 'COD2703', 1, 1, 'JOSE ANTONIO', 'GRADOS', 'VILCHEZ', 1, '29312259', NULL),
(40150, 'COD2704', 1, 1, 'LUIS RICARDO', 'CONSIGLIERE', 'CEVASCO', 1, '08256402', NULL),
(40151, 'COD2705', 1, 1, 'ARMIRA', 'DEL AGUILA', 'AGUILAR', 1, '07393851', NULL),
(40152, 'COD2706', 1, 1, 'EMERSON EDWIN', 'LEON', 'ROJAS', 1, '41750750', NULL),
(40153, 'COD2707', 1, 1, 'ROBERTO ELIAS', 'ELGUERA', 'YSNAGA', 1, '08889986', NULL),
(40154, 'COD2708', 1, 1, 'ANGEL JAVIER', 'VELASQUEZ', 'QUESQUEN', 1, '16546407', NULL),
(40155, 'COD2709', 1, 1, 'CARMEN', 'ALVARADO', 'MANCHEGO', 1, '44786313', NULL),
(40156, 'COD2710', 1, 1, 'AUGUSTO MARTIN', 'CURAY', 'CASANOVA', 1, '40680202 ', NULL),
(40157, 'COD2711', 1, 1, 'FELIPE IVAN ', 'BARRIGA ', 'RAMIREZ ', 1, '07535367 ', NULL),
(40158, 'COD2712', 1, 1, 'EDGAR ENRIQUE', 'CARPIO ', 'MARCOS ', 1, '07254393', NULL),
(40159, 'COD2713', 1, 1, 'SANDDY MILAGROS', 'BARRERA ', 'LOPEZ', 1, '40272522', NULL),
(40160, 'COD2714', 1, 1, 'DANIEL GREGORIO', 'VILCHEZ ', 'YUCRA', 1, '20020099', NULL),
(40161, 'COD2715', 1, 1, 'JOSÉ CARLOS ', 'CHIRINOS ', 'MARTINEZ', 1, '16656864', NULL),
(40162, 'COD2716', 1, 1, 'RODOLFO CARLOS', 'REYNA ', 'SALINAS', 1, '07785898', NULL),
(40163, 'COD2717', 1, 1, 'JAVIER', 'VELA', 'ARANGOITIA', 1, '09643154', NULL),
(40164, 'COD2718', 1, 1, 'CARLOS EDUARDO', 'APONTE ', 'MAZA', 1, '09151526', NULL),
(40165, 'COD2719', 1, 1, 'FEDERICO SEGISMUNDO', 'SUÁREZ', 'BUSTAMANTE', 1, '07965646', NULL),
(40166, 'COD2720', 1, 1, 'CESAR AUGUSTO', 'VIDAL ', 'GARLAND', 1, '09750925', NULL),
(40167, 'COD2721', 1, 1, 'MARY DESHIREE', 'COSME ', 'MELENDEZ', 1, '06780194', NULL),
(40168, 'COD2722', 1, 1, 'JAIME ALEJANDRO', 'HONORES', 'CORONADO', 1, '25465709', NULL),
(40169, 'COD2723', 1, 1, 'EYLEEM JHOANNA ROSE', 'ZAPATA ', 'VASQUEZ', 1, '40935874', NULL),
(40170, 'COD2724', 1, 1, 'MARIO', 'PEREZ', 'VELARDE', 1, '09101471', NULL),
(40171, 'COD2725', 1, 1, 'ERASMO ALEJANDRO ', 'REYNA ', 'ALCANTARA', 1, '09565161', NULL),
(40172, 'COD2726', 1, 1, 'DIEGO ORLANDO', 'PERALTA', 'CICCIA', 1, '19553086', NULL),
(40173, 'COD2727', 1, 1, 'CESAR JOSE ', 'BERNABE ', 'PEREZ', 1, '08482097 ', NULL),
(40174, 'COD2728', 1, 1, 'ZOILA MAXIMINA ', 'ZEGARRA ', 'MONTES', 1, '07836841 ', NULL),
(40175, 'COD2729', 1, 1, 'LIDIA LUZ ', 'VALVERDE ', 'CARRILLO', 1, '41871878', NULL),
(40176, 'COD2730', 1, 1, 'PAMELA ', 'REYES ', 'ORMEÑO', 1, '44849175', NULL),
(40177, 'COD2731', 1, 1, 'ABRAHAM ', 'ALBINAGORTA', 'LA CUNZA ', 1, '000000000000', NULL),
(40178, 'COD2732', 1, 1, 'CARMEN CECILIA', 'ARIZAGA', 'FORNO', 1, '10799012', NULL),
(40179, 'COD2733', 1, 1, 'MARCO', 'ESPINOZA ', 'RIVERA', 1, '001002003', NULL),
(40180, 'COD2734', 1, 1, 'FERNAN', 'VALER', 'CARPIO', 1, '29521133', NULL),
(40181, 'COD2735', 1, 1, 'JAVIER EDMUNDO', 'ABUGATTAS ', 'FATULE', 1, '07819012', NULL),
(40182, 'COD2736', 1, 1, 'GUILLERMO', 'ALMENDRADES', 'HEREDIA', 1, '00000000', NULL),
(40183, 'COD2737', 1, 1, 'JOSE DANIEL', 'AMADO', 'VARGAS', 1, '00000001', NULL),
(40184, 'COD2738', 1, 1, 'MIGUEL', 'ARAMBURU', 'ALVAREZ CALDERON', 1, '00000002', NULL),
(40185, 'COD2739', 1, 1, 'MERCEDES ROSALBA', 'ARAOZ', 'FERNANDEZ', 1, '10275651', NULL),
(40186, 'COD2740', 1, 1, 'FERNANDO LEONCIO', 'ARCE', 'ALVAREZ', 1, '08267664', NULL),
(40187, 'COD2741', 1, 1, 'VERONICA', 'ARRIETA', 'CILUMBRELLO', 1, '07615565', NULL),
(40188, 'COD2742', 1, 1, 'GIANNINA', 'ASSERETO ', 'BOSSIO', 1, '00000004', NULL),
(40189, 'COD2743', 1, 1, 'JUAN', 'BALAREZO', 'ESPINOSA', 1, '00000005', NULL),
(40190, 'COD2744', 1, 1, 'GIANCARLO', 'BALESTRA', 'BALSAMO', 1, '06661975', NULL),
(40191, 'COD2745', 1, 1, 'ARACELI', 'BASURCO', 'NEWMAN', 1, '07747499', NULL),
(40192, 'COD2746', 1, 1, 'LORENA YADIRA', 'BELLINA ', 'SCHRADER', 1, '06627970', NULL),
(40193, 'COD2747', 1, 1, 'GASTON ENRIQUE', 'BENZA', 'PFLUCKER', 1, '07812289', NULL),
(40194, 'COD2748', 1, 1, 'JOSE', 'BERNAL ', 'HELGUERO', 1, '00000006', NULL),
(40195, 'COD2749', 1, 1, 'MARIA CECILIA', 'BLUME ', 'CILLONIZ', 1, '08268044', NULL),
(40196, 'COD2750', 1, 1, 'CARLOS', 'BURELA', 'CABREJOS ', 1, '00000007', NULL),
(40197, 'COD2751', 1, 1, 'IÑAKI', 'CALDERON', 'LIZARRALDE', 1, '07875920', NULL),
(40198, 'COD2752', 1, 1, 'DORA INES', 'CALDERON', 'VILLAR', 1, '00000008', NULL);
INSERT INTO `tm_colaborador` (`id_colaborador`, `co_colaborador`, `id_cargo_laboral`, `id_sede`, `no_colaborador`, `ap_paterno_colaborador`, `ap_materno_colaborador`, `ti_documento`, `nu_documento`, `id_oficina`) VALUES
(40199, 'COD2753', 1, 1, 'LEONCIO', 'CALLA', 'DAVILA ', 1, '00000009', NULL),
(40200, 'COD2754', 1, 1, 'VICTOR', 'CAMACHO', 'ORLANDINI', 1, '00000010', NULL),
(40201, 'COD2755', 1, 1, 'FELIPE', 'CANTUARIAS', 'SALAVERRY', 1, '00000011', NULL),
(40202, 'COD2756', 1, 1, 'MARJORIE', 'CARBAJAL ', 'CATERIANO', 1, '00000012', NULL),
(40203, 'COD2757', 1, 1, 'ALVARO EMILIO', 'CASTAÑON', 'SEOANE', 1, '10304308', NULL),
(40204, 'COD2758', 1, 1, 'JUAN ANTONIO', 'CASTRO ', 'MOLINA', 1, '00000013', NULL),
(40205, 'COD2759', 1, 1, 'ROLANDO ARMANDO', 'ESTEBAN', 'MOSCOSO', 1, '09711057', NULL),
(40206, 'COD2760', 1, 1, 'RICARDO JULIO', 'SALAZAR ', 'CHAVEZ ', 1, '07827744', NULL),
(40207, 'COD2761', 1, 1, 'MARIA ELENA', 'CASTOPE', 'HUARIPATA', 1, '43342628', NULL),
(40208, 'COD2762', 1, 1, 'JOSE ANTONIO', 'ESLAVA', 'ARNAO', 1, '06074884', NULL),
(40209, 'COD2763', 1, 1, 'ELIANA VERONICA', 'MANSILLA', 'SANCHEZ', 1, '44380455', NULL),
(40210, 'COD2764', 1, 1, 'VIOLETA', 'GOMEZ', 'VILLA', 1, '23882110', NULL),
(40211, 'COD2765', 1, 1, 'ABDUL', 'FALCONI', 'ROMANI', 1, '28291785', NULL),
(40212, 'COD2766', 1, 1, 'CESAR FRANCISCO', 'LINGAN', 'VASQUEZ', 1, '17926007', NULL),
(40213, 'COD2767', 1, 1, 'FRANCO', 'VILLAGARCIA', 'GONZALES', 1, '41596707', NULL),
(40214, 'COD2768', 1, 1, 'VICTOR RICARDO', 'TAQUIA', 'GUTIERREZ', 1, '09299118', NULL),
(40215, 'COD2769', 1, 1, 'BENJAMIN', 'TRISTAN', 'ZUÑIGA', 1, '43309354', NULL),
(40216, 'COD2770', 1, 1, 'MARGARITA', 'BERDEGEL', '', 1, '98765432', NULL),
(40217, 'COD2771', 1, 1, 'PAUL', 'YATACO', 'HERRERA', 1, '08770036', NULL),
(40218, 'COD2772', 1, 1, 'MARGARITA ELIZABETH', 'VERDEGUER', 'SALIRROSAS', 1, '02868389', NULL),
(40219, 'COD2773', 1, 1, 'ALICIA LICETH', 'MIÑANO', 'DONAYRE', 1, '43257912', NULL),
(40220, 'COD2774', 1, 1, 'ROSA ', 'FATIMA', 'DIAZ', 1, '987654321', NULL),
(40221, 'COD2775', 1, 1, 'MARCO ANTONIO', 'TASAYCO', 'MONTOYA', 1, '06688781', NULL),
(40222, 'COD2776', 1, 1, 'PEDRO', 'SARAVIA', 'AVALOS', 1, '22308402', NULL),
(40223, 'COD2777', 1, 1, 'JUAN LUIS', 'LLONTOP', 'VILELA', 1, '16411887', NULL),
(40224, 'COD2778', 1, 1, 'LUZ GUADALUPE', 'ARAGONES', 'ALOSILLA', 1, '09933736', NULL),
(40225, 'COD2779', 1, 1, 'OSCAR', 'PINEDO', 'MEZA', 1, '10790244', NULL),
(40226, 'COD2780', 1, 1, 'JORGE ALBERTO', 'LARREA', 'DE ROSSI', 1, '40856892', NULL),
(40227, 'COD2781', 1, 1, 'IRIS', 'SANCHEZ', 'CULQUI', 1, '05617748', NULL),
(40228, 'COD2782', 1, 1, 'MARTHA', 'PATRICIA', 'CACERES', 1, '11111111', NULL),
(40229, 'COD2783', 1, 1, 'MIRIAN', 'ALBUJAR', 'PEREZ', 1, '22222222', NULL),
(40230, 'COD2787', 1, 1, 'DANIEL ', 'LIZÁRRAGA ', 'LÓPEZ ', 1, '77777777', NULL),
(40231, 'COD2788', 1, 1, 'MILAGROS', 'NUÑEZ', 'RIVERA', 1, '66666666', NULL),
(40232, 'COD2789', 1, 1, 'ROBERTO DANIEL', 'LIZÁRRAGA', 'LÓPEZ', 1, '10001971', NULL),
(40233, 'COD2790', 1, 1, 'NESTOR GODOFREDO', 'TAIPE', 'CAMPOS', 1, '19809928', NULL),
(40234, 'COD2791', 1, 1, 'ARON', 'KIZNER', 'ZAMUDIO', 1, '06507417', NULL),
(40235, 'COD2792', 1, 1, 'CECILIA ALICIA', 'ESQUIVEL', 'FERNANDEZ', 1, '07186307', NULL),
(40236, 'COD2793', 1, 1, 'RICARDO DANIEL', 'AQUINO', 'PAJARES', 1, '18115305', NULL),
(40237, 'COD2794', 1, 1, 'MAGNO', 'GARCIA', 'TORRES', 1, '05371824', NULL),
(40238, 'COD2795', 1, 1, 'FAUSTINO EPIMACO', 'ANGELES', 'LAVERIANO', 1, '06132962', NULL),
(40239, 'COD2796', 1, 1, 'WALTER', 'CHAVEZ', 'BRIONES', 1, '26604174', NULL),
(40240, 'COD2797', 1, 1, 'LUIS ALBERTO', 'ESPEJO', 'ALAYO', 1, '17870692', NULL),
(40241, 'COD2798', 1, 1, 'JORGE RICARDO', 'GONZALES', 'CASTILLO', 1, '02683716', NULL),
(40242, 'COD2799', 1, 1, 'CARMEN', 'LOLI', 'CASTRO', 1, '08861645', NULL),
(40243, 'COD2800', 1, 1, 'ROBERT', 'NOLE', 'ESCOBEDO', 1, '09670095', NULL),
(40244, 'COD2801', 1, 1, 'EDVER ROMAN', 'PAREDES', 'MILLA', 1, '32224936', NULL),
(40245, 'COD2802', 1, 1, 'MARIA', 'AGÜERO', 'ALVARO', 1, '06804880', NULL),
(40246, 'COD2803', 1, 1, 'RUTH', 'BACA', 'SOTO', 1, '09097130', NULL),
(40247, 'COD2804', 1, 1, 'MABEL PATRICIA', 'BARRETO', 'QUINECHE', 1, '25726063', NULL),
(40248, 'COD2805', 1, 1, 'JOSHUA ADONAI', 'CALDERON', 'MARMOLEJO', 1, '42032232', NULL),
(40249, 'COD2806', 1, 1, 'JORGE ALBERTO', 'CARRASCO', 'MARTINEZ', 1, '07688705', NULL),
(40250, 'COD2807', 1, 1, 'DANIEL ANIBAL', 'CORONEL', 'HIDALGO', 1, '10554282', NULL),
(40251, 'COD2808', 1, 1, 'TANIA BLANCA', 'JULCA', 'GAMBOA', 1, '41741740', NULL),
(40252, 'COD2809', 1, 1, 'JUAN ESTEBAN', 'LEON', 'MARQUEZ', 1, '41522989', NULL),
(40253, 'COD2810', 1, 1, 'RUTH CATHERINE', 'MEZA', 'MEZA', 1, '41201939', NULL),
(40254, 'COD2811', 1, 1, 'JANETH ESPERANZA', 'MONTAÑEZ', 'RUIZ CORNEJO', 1, '42654709', NULL),
(40255, 'COD2812', 1, 1, 'GISELLA VANESSA', 'ORE', 'ALBINO', 1, '42045803', NULL),
(40256, 'COD2813', 1, 1, 'CIRILA APOLONIA', 'VIVANCO', 'CIPRIAN ', 1, '7088235', NULL),
(40257, 'COD2814', 1, 1, 'VLADIMIR', 'UÑAPILLCO', 'CHAMPI', 1, '41236561', NULL),
(40258, 'COD2815', 1, 1, 'MILAGROS ZAYDA', 'VELASQUEZ', 'ASURZA', 1, '10653995', NULL),
(40259, 'COD2816', 1, 1, 'ANGELA MILAGROS', 'VICUÑA', 'OYOLA', 1, '42086698', NULL),
(40260, 'COD2817', 1, 1, 'APOLINAR JUNIOR', 'MADRID ', 'ESCOBAR', 1, '07467219', NULL),
(40261, 'COD2818', 1, 1, 'ADRIEL EDUARDO', 'SOTO', 'PEREZ', 1, '40637878', NULL),
(40262, 'COD2819', 1, 1, 'GIULIANA ROSA', 'CASTILLO', 'PERRY', 1, '40405241', NULL),
(40263, 'COD2820', 1, 1, 'ZOILA MARLENI', 'AGREDA', 'PALOMINO', 1, '08199472', NULL),
(40264, 'COD2821', 1, 1, 'CARMEN RAQUEL', 'ALVAREZ', 'SERRANO DE MCINTYRE', 1, '08876999', NULL),
(40265, 'COD2822', 1, 1, 'ANGIE JACQUELINE', 'WATANABE', 'SISNIEGAS', 1, '40111574', NULL),
(40266, 'COD2823', 1, 1, 'KANDY GISELA', 'CALDERO', 'TUESTA', 1, '41467807', NULL),
(40267, 'COD2824', 1, 1, 'NELY', 'RAMÍREZ', 'PISCO', 1, '28605375', NULL),
(40268, 'COD2825', 1, 1, 'VICTOR OCTAVIO', 'SALCEDO', 'ESPEJO', 1, '17821848', NULL),
(40269, 'COD2826', 1, 1, 'IVAN RICARDO', 'ALVRITES', 'CHAMBERGO', 1, '40564516', NULL),
(40270, 'COD2827', 1, 1, 'ANGEL AURELIO', 'GANOZA', 'GUERRERO', 1, '16611193', NULL),
(40271, 'COD2828', 1, 1, 'JAIME ROLANDO', 'CASANOVA', 'RAMOS', 1, '10270840', NULL),
(40272, 'COD2829', 1, 1, 'NILO', 'ESPINOZA', 'HARO', 1, '08192726', NULL),
(40273, 'COD2830', 1, 1, 'EMILIO ENRIQUE', 'MENDOZA', 'GUARDERAS', 1, '03701841', NULL),
(40274, 'COD2831', 1, 1, 'HUGO IVAN', 'LANDA', 'ROCHA', 1, '40685127', NULL),
(40275, 'COD2832', 1, 1, 'MAURINO', 'GUTIERREZ', 'TOVAR', 1, '08213640', NULL),
(40276, 'COD2833', 1, 1, 'DELIA MARGARITA', 'OBREGON', 'RONDAN', 1, '25645432', NULL),
(40277, 'COD2835', 1, 1, 'JUAN ELMER', 'PALIZA', 'PINTO', 1, '31037050', NULL),
(40278, 'COD2836', 1, 1, 'JUAN HIPOLITO', 'ARCE', 'GARIBAY', 1, '22185677', NULL),
(40279, 'COD2837', 1, 1, 'IVONNE', 'CARDENAS', 'DAVILA', 1, '4296548', NULL),
(40280, 'COD2838', 1, 1, 'NANCY', 'ESTRADA', 'GUERRERO', 1, '02777211', NULL),
(40281, 'COD2839', 1, 1, 'ROCIO', 'HUAYCOCHEA', 'ESQUIVEL', 1, '45137397', NULL),
(40282, 'COD2840', 1, 1, 'ROSA AMALIA', 'PARI', 'QUENTA', 1, '42200001', NULL),
(40283, 'COD2841', 1, 1, 'ROLANDO', 'SOSA', 'ALZAMORA', 1, '02636887', NULL),
(40284, 'COD2842', 1, 1, 'DANIEL', 'ARGUMEDO', 'LOJA', 1, '28292592', NULL),
(40285, 'COD2844', 1, 1, 'LUPE', 'AYLLON', 'RUIZ', 1, '22481561', NULL),
(40286, 'COD2845', 1, 1, 'DOLLY MERCEDES', 'CHUJUTALLI', 'DIAZ', 1, '23020351', NULL),
(40287, 'COD2846', 1, 1, 'JULIO MARINO', 'CUADROS', 'ZAMORA', 1, '28267304', NULL),
(40288, 'COD2847', 1, 1, 'ANGELICA DESSIRE', 'GUTIERREZ', 'TAFUR', 1, '25849925', NULL),
(40289, 'COD2848', 1, 1, 'YULIA', 'LUNA', 'NAPAN', 1, '22504195', NULL),
(40290, 'COD2849', 1, 1, 'KAREN REYNA', 'OBA', 'SEGAMA', 1, '40750687', NULL),
(40291, 'COD2850', 1, 1, 'JUAN OSCAR', 'ZAMUDIO', 'CABEZAS', 1, '23715128', NULL),
(40292, 'COD2851', 1, 1, 'WILDER', 'ESPLANA', 'IZARRA', 1, '41370915', NULL),
(40293, 'COD2852', 1, 1, 'CARLA NOELIA', 'SANTOLALLA', 'LUNA', 1, '09343783', NULL),
(40294, 'COD2853', 1, 1, 'JUAN', 'ARANA', '', 1, '10002171', NULL),
(40295, 'COD2854', 1, 1, 'GUSTAVO', 'MELGAR', '', 1, '07017261', NULL),
(40296, 'COD2855', 1, 1, 'LUIS ', 'HOYLE', '', 1, '05404553', NULL),
(40297, 'COD2856', 1, 1, 'MARIA CECILIA', 'ORMEÑO', 'LOPEZ TORRES', 1, '07560595', NULL),
(40298, 'COD2857', 1, 1, 'FERNANDO GONZALO', 'VERA', 'VELARDO', 1, '29602480', NULL),
(40299, 'COD2858', 1, 1, 'JESUS DOMINGO', 'NAVARRO', 'BALVIN', 1, '19982773', NULL),
(40300, 'COD2859', 1, 1, 'VICTOR MANUEL', 'SEVILLA', 'GILDEMEISTER', 1, '02899837', NULL),
(40301, 'COD2860', 1, 1, 'CYNTHIA ALINA', 'CALDERON', 'SONO', 1, '43935630', NULL),
(40302, 'COD2862', 1, 1, 'EMILIO LEON', 'AGNINI', 'RODRIGUEZ', 1, '05305964', NULL),
(40303, 'COD2863', 1, 1, 'FILA', 'TORRES', 'GUTIERREZ', 1, '07368128', NULL),
(40304, 'COD2864', 1, 1, 'LIZARDO PAUL', 'LAZO', 'PACHECO', 1, '22996124', NULL),
(40305, 'COD2865', 1, 1, 'MARTA SOLEDAD', 'GUILLEN', 'MENDOZA', 1, '31666002', NULL),
(40306, 'COD2866', 1, 1, 'MARISA', 'VARGAS', 'BARCIA', 1, '32165498', NULL),
(40307, 'COD2867', 1, 1, 'WILLY', 'VENERO', 'ESPINOZA', 1, '08196273', NULL),
(40308, 'COD2868', 1, 1, 'JESSICA', 'REATEGUI', '', 1, '0000110', NULL),
(40309, 'COD2869', 1, 1, 'MARTA VERONICA YNES', 'ALIAGA', 'HERRERA', 1, '07045251', NULL),
(40310, 'COD2870', 1, 1, 'MARIELA', 'ALVAREZ', 'MUÑOZ', 1, '32112321', NULL),
(40311, 'COD2871', 1, 1, 'PATRICIA', 'CARDOSO', '', 1, '00000060', NULL),
(40312, 'COD2872', 1, 1, 'RUTH MARINA', 'VILCA', 'TASAYCO', 1, '07262111', NULL),
(40313, 'COD2873', 1, 1, 'ERASMO', 'MANRIQUE', 'ZEGARRA', 1, '01226579', NULL),
(40314, 'COD2874', 1, 1, 'MARTIN', 'MEZARINA', '', 1, '00000789', NULL),
(40315, 'COD2875', 1, 1, 'JORGE GUSTAVO FELIX', 'CARRION', 'ZAVALA', 1, '43195708', NULL),
(40316, 'COD2876', 1, 1, 'MARCO ANTONIO LEONCIO', 'COSSIO', 'TAPIA', 1, '10636130', NULL),
(40317, 'COD2877', 1, 1, 'FREDDY EDGARDO', 'INCIO', 'ZAPATA', 1, '03701130', NULL),
(40318, 'COD2878', 1, 1, 'HARRY GERARDO', 'MORRIS', 'ABARCA', 1, '08753377', NULL),
(40319, 'COD2879', 1, 1, 'DORIS', 'CHAFLOQUE', '', 1, '55555558', NULL),
(40320, 'COD2880', 1, 1, 'ANGELA JOSSET', 'HUATAY', 'BENITES', 1, '11111119', NULL),
(40321, 'COD2881', 1, 1, 'RICARDO JAVIER', 'HERRERA', 'VASQUEZ', 1, '07246792', NULL),
(40322, 'COD2882', 1, 1, 'JESSICA AMELIA', 'REATEGUI', 'VELIZ', 1, '25742880', NULL),
(40323, 'COD2883', 1, 1, 'ZASCHA KARINNA', 'LUNA VICTORIA', 'CAYO', 1, '09992083', NULL),
(40324, 'COD2884', 1, 1, 'ROSA ELIZABETH', 'URBINA', 'MANCILLA', 1, '08828297', NULL),
(40325, 'COD2885', 1, 1, 'GENARO LINO AGUSTIN', 'MATUTE ', 'MEJÍA', 1, '07722470', NULL),
(40326, 'COD2886', 1, 1, 'FERNANDO ANTONIO', 'CARPIO', 'CUBAS', 1, '16477199', NULL),
(40327, 'COD2887', 1, 1, 'SERGIO EDGAR', 'TORRES', 'AÑAZCO', 1, '02423866', NULL),
(40328, 'COD2888', 1, 1, 'HUGO DANTE', 'ARESTEGUI', 'ARIAS', 1, '29297068', NULL),
(40329, 'COD2889', 1, 1, 'FLORENTINO', 'CHAMPI', 'CCASA', 1, '23871720', NULL),
(40330, 'COD2890', 1, 1, 'JESUS MANUEL', 'CHARCAPE', 'RAVELO', 1, '17890546', NULL),
(40331, 'COD2891', 1, 1, 'MILAGROS MARIA ELENA', 'CHIRI', 'BENAVIDES', 1, '21546965', NULL),
(40332, 'COD2892', 1, 1, 'ARMANDO MARTIN', 'CUYA', 'MATOS', 1, '09395751', NULL),
(40333, 'COD2893', 1, 1, 'ARYENY', 'DONGO', 'CHIRA', 1, '23952982', NULL),
(40334, 'COD2894', 1, 1, 'CHOU DIONICIO', 'GASPAR', 'MARCA', 1, '80002430', NULL),
(40335, 'COD2895', 1, 1, 'CARLOS ENRIQUE', 'ZUÑIGA', 'CALDERON', 1, '41478340', NULL),
(40336, 'COD2896', 1, 1, 'SEGUNDO', 'RAMOS', 'BURGAS', 1, '12345600', NULL),
(40337, 'COD2897', 1, 1, 'ROSA', 'DIANDERAS', '', 1, '12345000', NULL),
(40338, 'COD2898', 1, 1, 'PEDRO FELIX', 'DOROTEO', 'NEYRA', 1, '21458070', NULL),
(40339, 'COD2899', 1, 1, 'HERMELINDA MARGARITA', 'ROMERO', 'CORREA', 1, '31629325', NULL),
(40340, 'COD2900', 1, 1, 'PATRICIO HORACIO', 'DOIG', 'SANCHEZ', 1, '07803282', NULL),
(40341, 'COD2901', 1, 1, 'ROSALIA SOFIA', 'STORCK', 'SALAZAR', 1, '2246343', NULL),
(40342, 'COD2902', 1, 1, 'WALTER FIDEL', 'ESCAJADILLO', 'CHIMAYCO', 1, '10017709', NULL),
(40343, 'COD2903', 1, 1, 'ROSALIA ANTONIETA', 'CAHUANA', 'DAMIAN', 1, '07412113', NULL),
(40344, 'COD2904', 1, 1, 'MARIA ESTHER', 'IBAÑEZ', 'PUELLES', 1, '06236572', NULL),
(40345, 'COD2905', 1, 1, 'MARIA ELENA', 'FLORES', 'JACOBO', 1, '07895961', NULL),
(40346, 'COD2906', 1, 1, 'JOSÉ BENJAMIN', 'ZAMBRANO', 'SOTO', 1, '44103016', NULL),
(40347, 'COD2907', 1, 1, 'JULIO CESAR', 'TABOADA', 'ALVA', 1, '09571319', NULL),
(40348, 'COD2908', 1, 1, 'ALDO RICARDO', 'MAGGI', 'PACHECO', 1, '10269286', NULL),
(40349, 'COD2909', 1, 1, 'HUGO ELIAS', 'MEDRANO', 'OSORIO', 1, '19964635', NULL),
(40350, 'COD2910', 1, 1, 'JULIO', 'ROJAS', 'SILVERA', 1, '45593916', NULL),
(40351, 'COD2911', 1, 1, 'MARILYN', 'DOMINGUEZ', 'RIOFRIO', 1, '46245374', NULL),
(40352, 'COD2914', 1, 1, 'WILMER', 'RIOS', 'BRAVO', 1, '41795276', NULL),
(40353, 'COD2915', 1, 1, 'GEOVANNINA DINA', 'CERVANTES', 'LLAUCA', 1, '21440452', NULL),
(40354, 'COD2916', 1, 1, 'RAQUEL JENNY', 'ESTELA', 'CARRERA', 1, '40048243', NULL),
(40355, 'COD2917', 1, 1, 'STEPHANIE JOHANNA', 'HUAMBACHANO', 'RODRIGUEZ', 1, '40680399', NULL),
(40356, 'COD2918', 1, 1, 'ROSA VICTORIA', 'RAMOS', 'MALASQUEZ', 1, '07560886', NULL),
(40357, 'COD2919', 1, 1, 'ERNESTO GERMÁN', 'PERALTA', 'RIVERA', 1, '09081790', NULL),
(40358, 'COD2920', 1, 1, 'CARLOS ANTONIO', 'CABRERA', 'BERNAOLA', 1, '09409300', NULL),
(40359, 'COD2921', 1, 1, 'JULIO ENRIQUE', 'GUTIERREZ', 'ROMERO', 1, '21528219', NULL),
(40360, 'COD2922', 1, 1, 'YSAIAS CESAR', 'OLAECHEA', 'GAMEROS', 1, '21432985', NULL),
(40361, 'COD2923', 1, 1, 'DIEGO ALEJANDRO', 'MONTES', 'BARRANTES', 1, '43908861', NULL),
(40362, 'COD2924', 1, 1, 'JOSE ANTONIO', 'CHANG', 'ESCOBEDO', 1, '07250289', NULL),
(40363, 'COD2925', 1, 1, 'LUIS ANTONIO', 'ALEMAN', 'NAKAMINE', 1, '07483653', NULL),
(40364, 'COD2926', 1, 1, 'LUIS FERNANDO', 'ARANDA', 'GUARDIA', 1, '44265108', NULL),
(40365, 'COD2927', 1, 1, 'LUIS MANUEL', 'URMENETA', 'DELGADO', 1, '07793679', NULL),
(40366, 'COD2928', 1, 1, 'SUZIE GLADYS', 'SATO', 'UESU', 1, '06635112', NULL),
(40367, 'COD2929', 1, 1, 'CARLA MELISSA', 'ROMERO', 'MONTERO', 1, '40458646', NULL),
(40368, 'COD2930', 1, 1, 'SANDRA INES', 'RAMIREZ', 'MENDEZ', 1, '07818754', NULL),
(40369, 'COD2931', 1, 1, 'ZENINA', 'ZEVALLOS', 'FALCÓN', 1, '07573771', NULL),
(40370, 'COD2932', 1, 1, 'MARÍA ANTONIETA', 'NERIO', 'PONCE', 1, '10660218', NULL),
(40371, 'COD2933', 1, 1, 'ALFREDO JOSÉ', 'CELI', 'PALOMINO', 1, '06994368', NULL),
(40372, 'COD2934', 1, 1, 'FANNY MARGARITA', 'ROQUE', 'LLAQUE', 1, '08215953', NULL),
(40373, 'COD2935', 1, 1, 'RICARDO JESUS', 'ROJAS ', 'RIOS', 1, '06122243', NULL),
(40374, 'COD2936', 1, 1, 'ANA ISABEL', 'DOMINGUEZ', 'DEL AGUILA', 1, '09240647', NULL),
(40375, 'COD2937', 1, 1, 'EDGAR AMERICO', 'QUISPE', 'QUINTANA', 1, '28313184', NULL),
(40376, 'COD2938', 1, 1, 'EMILY ADELINA', 'ASTO', 'DIAZ', 1, '43017623', NULL),
(40377, 'COD2939', 1, 1, 'SERGIO JUAN', 'CASTRO', 'MANRIQUE', 1, '46699770', NULL),
(40378, 'COD2940', 1, 1, 'LUIS HUMBERTO', 'JUAREZ', 'CASTRO', 1, '08158844', NULL),
(40379, 'COD2941', 1, 1, 'LILYAN CECILIA', 'PEREZ', 'BARRIGA', 1, '09873296', NULL),
(40380, 'COD2942', 1, 1, 'ROSARIO DEL PILAR MARCELINA', 'FERNANDEZ', 'FIGUEROA', 1, '08268640', NULL),
(40381, 'COD2943', 1, 1, 'CARLOS ALBERTO', 'SALAZAR', 'COUTO', 1, '07768552', NULL),
(40382, 'COD2944', 1, 1, 'KITTY ELISA', 'TRINIDAD', 'GUERRERO', 1, '08125919', NULL),
(40383, 'COD2945', 1, 1, 'ANA LUISA', 'ORTIZ', 'SIERRA DE GUTIERREZ', 1, '07230165', NULL),
(40384, 'COD2946', 1, 1, 'LUIS ALBERTO', 'MEZA', 'CARBAJAL', 1, '09178440', NULL),
(40385, 'COD2947', 1, 1, 'JORGE LUIS', 'SALAZAR ', 'LIÑAN', 1, '25796807', NULL),
(40386, 'COD2948', 1, 1, 'DANIEL DAVID', 'ALEJANDRO', 'VILLANUEVA', 1, '09571905', NULL),
(40387, 'COD2949', 1, 1, 'LEYLA AGUEDA', 'CAVERO', 'SOTO', 1, '08005913', NULL),
(40388, 'COD2950', 1, 1, 'RICHARD EDUARDO', 'GARCIA', 'SABROSO', 1, '18166062', NULL),
(40389, 'COD2951', 1, 1, 'RAFAEL', 'GOTO', 'SILVA', 1, '0689308', NULL),
(40390, 'COD2952', 1, 1, 'ANA TERESA', 'MARTINEZ', 'ZAVALETA', 1, '10493712', NULL),
(40391, 'COD2953', 1, 1, 'EVA', 'MARTINEZ', 'RAMOS', 1, '20000272', NULL),
(40392, 'COD2954', 1, 1, 'DEYVI WAGNER', 'MESTANZA', 'ISUIZA', 1, '41286543', NULL),
(40393, 'COD2955', 1, 1, 'DORIS AMELIA', 'MEDINA', 'ESPINOZA', 1, '25768578', NULL),
(40394, 'COD2956', 1, 1, 'ERIKA KARINA', 'ZUMAETA', 'HUASASQUICHE', 1, '08129036', NULL),
(40395, 'COD2957', 1, 1, 'JAVIER IGNACIO', 'NIEVES', 'TUESTA', 1, '06009681', NULL),
(40396, 'COD2958', 1, 1, 'JORGE ALBERTO', 'ZAPATA', 'GALLO', 1, '03668351', NULL),
(40397, 'COD2959', 1, 1, 'MARÍA CRISTINA', 'JO', 'ITURRIZAGA', 1, '10278142', NULL),
(40398, 'COD2960', 1, 1, 'GLORIA DEL PILAR', 'MENDOZA', 'ESPINOZA', 1, '214872264', NULL),
(40399, 'COD2961', 1, 1, 'ROSA AURORA', 'YOPAN', 'CHOCACA', 1, '33782023', NULL),
(40400, 'COD2962', 1, 1, 'SANDRA PIERINA', 'ESCARDO ', 'RICCI', 1, '10283370', NULL),
(40401, 'COD2963', 1, 1, 'HECTOR JAVIER', 'BERTRAN ', 'LORA', 1, '10219025', NULL),
(40402, 'COD2964', 1, 1, 'ETHEL MARCOPOLO', 'TORRES', 'CHAVEZ', 1, '22465593', NULL),
(40403, 'COD2965', 1, 1, 'JUAN MANUEL', 'URBISAGASTEGUI', 'VARGAS', 1, '09945368', NULL),
(40404, 'COD2966', 1, 1, 'RICARDO JOSE', 'DIANDERAS', 'SALHUANA', 1, '07787453', NULL),
(40405, 'COD2967', 1, 1, 'TATIANA ADELA', 'VALENCIA', 'BECERRA', 1, '23839273', NULL),
(40406, 'COD2968', 1, 1, 'HERNANDO ROBERTO', 'ARIAS', 'FLORES', 1, '07570410', NULL),
(40407, 'COD2969', 1, 1, 'JULIO DAVID', 'AYBAR', 'HUAMANI', 1, '09423010', NULL),
(40408, 'COD2970', 1, 1, 'LOURDES CECILIA', 'DE SOUZA FERREYRA', 'ODAR', 1, '08154591', NULL),
(40409, 'COD2971', 1, 1, 'DAVID FORTUNATO', 'DOMINGUEZ', 'PASCO', 1, '08104962', NULL),
(40410, 'COD2972', 1, 1, 'CYNTHIA ROSA', 'GUILLEN', 'BENDEZU', 1, '42446137', NULL),
(40411, 'COD2973', 1, 1, 'KELLY ELIZABETH', 'PAZ', 'ORELLANA', 1, '32975333', NULL),
(40412, 'COD2974', 1, 1, 'AGUSTIN SEGUNDO', 'SILVA', 'VITE', 1, '09645275', NULL),
(40413, 'COD2975', 1, 1, 'LIZ MARIBEL', 'YUPANQUI', 'LEONARDO', 1, '40977106', NULL),
(40414, 'COD2976', 1, 1, 'DELIA SONIA', 'ARRAGA', 'ALVAREZ', 1, '09786005', NULL),
(40415, 'COD2977', 1, 1, 'NORKA VIRGINIA', 'MAYOR', 'GALARZA', 1, '08742305', NULL),
(40416, 'COD2978', 1, 1, 'JORGE LUIS', 'ZULUAGA', 'LANDA', 1, '25704968', NULL),
(40417, 'COD2979', 1, 1, 'JAQUELINE TANIA SILVANA', 'ARANCIVIA', 'VELASQUEZ', 1, '06076783', NULL),
(40418, 'COD2980', 1, 1, 'LUIS ALBERTO', 'HUERTA', 'GUERRERO', 1, '09338035', NULL),
(40419, 'COD2981', 1, 1, 'ARNOLD', 'CAMONES', 'JARA', 1, '07977169', NULL),
(40420, 'COD2982', 1, 1, 'GIOVANNA', 'CHOQUIMAQUI', 'MEZA', 1, '10015490', NULL),
(40421, 'COD2983', 1, 1, 'MARTHA LUISA', 'ESCOBAR', 'CAPARO', 1, '07248394', NULL),
(40422, 'COD2984', 1, 1, 'JAIME AUGUSTO', 'ESPINOSA', 'GARRETA', 1, '07811020', NULL),
(40423, 'COD2985', 1, 1, 'JAIME ADHEMIR', 'GALLEGOS', 'RONDON', 1, '09564692', NULL),
(40424, 'COD2986', 1, 1, 'MARIELA DIGNA DORA', 'PINILLOS', 'RODRIGUEZ', 1, '07951466', NULL),
(40425, 'COD2987', 1, 1, 'JESUS DANIEL', 'VALENCIA', 'OYOLA', 1, '16687550', NULL),
(40426, 'COD2988', 1, 1, 'HUGO WILFREDO', 'VILELA', 'ALBAN', 1, '40898474', NULL),
(40427, 'COD2989', 1, 1, 'AUGUSTO ELIAS', 'ZEGARRA', 'PERALTA', 1, '02691416', NULL),
(40428, 'COD2991', 1, 1, 'MANUEL SACRAMENTO', 'PURIZACA', 'BENITES', 1, '02610745', NULL),
(40429, 'COD2992', 1, 1, 'RUIZ', 'BENJAMIN', 'BAYONA', 1, '02681333', NULL),
(40430, 'COD2993', 1, 1, 'GLORIA ISABEL', 'CASTILLO ', 'ROSALES', 1, '02616641', NULL),
(40431, 'COD2994', 1, 1, 'SALOMON', 'LERNER', 'GHITIS', 1, '08205476', NULL),
(40432, 'COD2995', 1, 1, 'MARIA ELENA', 'JUSCAMAITA', 'ARANGÜENA', 1, '09149762', NULL),
(40433, 'COD2996', 1, 1, 'MANUEL ENRIQUE ERNESTO', 'DAMMERT', 'EGO AGUIRRE', 1, '06256174', NULL),
(40434, 'COD2997', 1, 1, 'CARLOS ENRIQUE', 'TAPIA', 'GARCIA', 1, '07732575', NULL),
(40435, 'COD2998', 1, 1, 'MARIA CECILIA GEORGINA', 'ISRAEL', 'LA ROSA', 1, '06247499', NULL),
(40436, 'COD2999', 1, 1, 'CESAR MANUEL', 'VALEGA', 'GARCIA', 1, '06022475', NULL),
(40437, 'COD3000', 1, 1, 'ALEJANDRO', 'CHANG', 'CHIANG', 1, '08201642', NULL),
(40438, 'COD3001', 1, 1, 'MARIANA', 'LLONA', 'ROSA', 1, '07251175', NULL),
(40439, 'COD3002', 1, 1, 'ALICIA ALEJANDRINA', 'HUAMANTINCO', 'ARAUJO', 1, '06235215', NULL),
(40440, 'COD3003', 1, 1, 'RONAL JUAN', 'BARRIENTOS', 'DEZA', 1, '23894336', NULL),
(40441, 'COD3004', 1, 1, 'GUILLERMO', 'BOBADILLA', 'CERVANTES', 1, '42168284', NULL),
(40442, 'COD3005', 1, 1, 'LUIS ALBERTO', 'TUESTA', 'GARCÍA', 1, '09303357', NULL),
(40443, 'COD3006', 1, 1, 'ISABEL DOLORES', 'CORAL', 'CORDERO', 1, '09373151', NULL),
(40444, 'COD3007', 1, 1, 'BLANCA MIRTHA', 'ROSALES', 'VALENCIA', 1, '07239326', NULL),
(40445, 'COD3008', 1, 1, 'MALKA', 'MAYA', 'ALBARRACIN', 1, '09342994', NULL),
(40446, 'COD3009', 1, 1, 'WILLIANS', 'MORI', 'ISUISA', 1, '07628451', NULL),
(40447, 'COD3010', 1, 1, 'OLGA MARIA DEL CARMEN', 'LOZANO', 'CORTIJO', 1, '07826537', NULL),
(40448, 'COD3011', 1, 1, 'JOHANS JULIO EDMUNDO VLADIMIR', 'LOPEZ', 'MAS', 1, '08270306', NULL),
(40449, 'COD3012', 1, 1, 'JUAN EDGARDO', 'CERNA', 'DORREGARAY', 1, '08407830', NULL),
(40450, 'COD3013', 1, 1, 'LUIS DOMINGO', 'ROJAS', 'MERINO', 1, '27049081', NULL),
(40451, 'COD3014', 1, 1, 'DIANA', 'ARIAS STELLA', 'DIEZ', 1, '07793789', NULL),
(40452, 'COD3015', 1, 1, 'SINECIO', 'LOPEZ', 'JIMENEZ', 1, '07730302', NULL),
(40453, 'COD3016', 1, 1, 'MARGARITA DEL PILAR', 'BURGOS', 'GOICOCHEA', 1, '066657825', NULL),
(40454, 'COD3018', 1, 1, 'JUAN FREDY', 'ORTEGA', 'ROJAS', 1, '09878211', NULL),
(40455, 'COD3019', 1, 1, 'JUAN ALBERO', 'NARVAEZ', 'HENRIQUEZ', 1, '06780696', NULL),
(40456, 'COD3020', 1, 1, 'ROSA MADELEINE', 'FLORIAN', 'CEDRON', 1, '27143647', NULL),
(40457, 'COD3021', 1, 1, 'FRANCISCO JAVIER', 'NEIRA', 'BASSO', 1, '07628490', NULL),
(40458, 'COD3022', 1, 1, 'FREDY', 'CHAUPIN', 'SOSA', 1, '20105275', NULL),
(40459, 'COD3023', 1, 1, 'OSCAR EDUARDO', 'VALDES', 'DANCUART', 1, '10059832', NULL),
(40460, 'COD3024', 1, 1, 'ALBERTO MAURICIO', 'CHABANEIX', 'BELLING', 1, '30849784', NULL),
(40461, 'COD3025', 1, 1, 'PEDRO ALBERTO CARLOS', 'MUÑOZ NAJAR', 'FRIEDRICH', 1, '30849733', NULL),
(40462, 'COD3026', 1, 1, 'PABLO EDGAR', 'ARANIBAR ', 'OSORIO', 1, '09993693', NULL),
(40463, 'COD3027', 1, 1, 'ISABEL CRISTINA', 'GUERRA', 'URIOSTE', 1, '09426471', NULL),
(40464, 'COD3028', 1, 1, 'ELARD EDUARDO', 'SALAZAR ', 'LA ROSA', 1, '08662671', NULL),
(40465, 'COD3029', 1, 1, 'RODOLFO ERNESTO', 'CASTELLANOS', 'SALAZAR', 1, '10308247', NULL),
(40466, 'COD3030', 1, 1, 'NOEMI IRENE', 'ALVARADO', 'VIGO', 1, '06136290', NULL),
(40467, 'COD3031', 1, 1, 'CARLOS ENRIQUE', 'COSAVALENTE', 'CHAMORRO', 1, '09580793', NULL),
(40468, 'COD3032', 1, 1, 'CARLOS LUIS', 'CANALES', 'ROJAS', 1, '10221025', NULL),
(40469, 'COD3033', 1, 1, 'ROSARIO BEATRIZ', 'PADILLA', 'VIDALON', 1, '06648356', NULL),
(40470, 'COD3034', 1, 1, 'NELLY', 'SALDAÑA', 'ESPINOZA', 1, '07026963', NULL),
(40471, 'sdsadas', 3, 2, 'd dasd a', 'das das', 'da da', 2, 'dasd96sad', 349),
(40472, '15000', 28, 1, 'JOSE LIZANDRO', 'SERRANO ', 'MORAN', 1, '14771477', 335),
(40473, '10', 3, 4, 'Juan ', 'Perez', 'Alarcon', 1, '45677654', 384);

-- --------------------------------------------------------

--
-- Estructura de tabla para la tabla `tm_dominio`
--

CREATE TABLE IF NOT EXISTS `tm_dominio` (
  `id_dominio` int(11) NOT NULL AUTO_INCREMENT,
  `co_dominio` varchar(20) NOT NULL,
  `no_dominio` varchar(45) NOT NULL,
  `de_dominio` varchar(150) DEFAULT NULL,
  `no_columna_01` varchar(45) DEFAULT NULL,
  PRIMARY KEY (`id_dominio`),
  UNIQUE KEY `co_dominio` (`co_dominio`),
  UNIQUE KEY `no_dominio` (`no_dominio`)
) ENGINE=InnoDB  DEFAULT CHARSET=latin1 AUTO_INCREMENT=5 ;

--
-- Volcado de datos para la tabla `tm_dominio`
--

INSERT INTO `tm_dominio` (`id_dominio`, `co_dominio`, `no_dominio`, `de_dominio`, `no_columna_01`) VALUES
(1, 'TI_DOC', 'TIPOS DE DOCUMENTOS DE IDENTIDAD', '', NULL),
(2, 'ES_AC', 'ESTADO DE ACTIVACION', '', NULL),
(3, 'TI_MOT', 'TIPOS DE MOTIVO', NULL, NULL),
(4, 'LST_ENT', 'LISTADO DE ENTIDADES ESTATALES DEL APLICATIVO', NULL, 'in_uso_activo_tbl_2');

-- --------------------------------------------------------

--
-- Estructura de tabla para la tabla `tm_instituto`
--

CREATE TABLE IF NOT EXISTS `tm_instituto` (
  `id_instituto` int(11) NOT NULL AUTO_INCREMENT,
  `no_instituto` varchar(50) NOT NULL,
  `de_instituto` varchar(150) DEFAULT NULL,
  `nu_ruc` varchar(11) DEFAULT NULL,
  PRIMARY KEY (`id_instituto`),
  UNIQUE KEY `no_instituto` (`no_instituto`)
) ENGINE=InnoDB  DEFAULT CHARSET=latin1 AUTO_INCREMENT=29 ;

--
-- Volcado de datos para la tabla `tm_instituto`
--

INSERT INTO `tm_instituto` (`id_instituto`, `no_instituto`, `de_instituto`, `nu_ruc`) VALUES
(1, 'Management Group S.A.', NULL, NULL),
(2, 'Soleco S.A.C.', NULL, NULL),
(3, 'Telegestion Empresarial S.A.C.', NULL, NULL),
(4, 'Grupo Pressys', NULL, NULL),
(5, 'Crédito & Cobranzas S.A.C.', NULL, NULL),
(6, 'Skm - Consulting', 'bla bla bla bla', '78965412321'),
(7, 'PTV Business SAC', NULL, NULL),
(8, 'Abogados por internet s.a.c', NULL, NULL),
(9, 'Pcj & Abogados SAC', NULL, NULL),
(10, 'Gestión Contable & Tributaria S.R.L', NULL, NULL),
(11, 'Quality Advance', NULL, NULL),
(12, 'Solución Eficaz del Perú S.A.C.', NULL, NULL),
(13, 'Estudio Alzamora Abogados S. Civil de R. L.', '', ''),
(14, 'Co & Ambiental Ingenieros SAC', NULL, NULL),
(15, 'Estudio Martinez Consultores & Abogados', NULL, NULL),
(16, 'Moquillaza & Asociados Sociedad Civil', NULL, NULL),
(17, 'Castro & Lay Abogados SAC', NULL, NULL),
(18, 'Unión de Productores Fonograficos', NULL, NULL),
(19, 'Estudio Caballero Bustamante SRL', NULL, NULL),
(20, 'Ceva Logistics Peru S.R.L', NULL, NULL),
(21, 'Advance Perucorp S.A.C', NULL, NULL),
(24, 'fsd fsdfsdfs', 'sdf sdfsd', '54546545646'),
(25, 'sdfs fsdfsfs', 'dsd fsdfsd', '54654564646'),
(27, 'Empresa 02', '', '12396325412'),
(28, 'LCP Consultores', '', '');

-- --------------------------------------------------------

--
-- Estructura de tabla para la tabla `tm_invitado`
--

CREATE TABLE IF NOT EXISTS `tm_invitado` (
  `id_invitado` int(11) NOT NULL AUTO_INCREMENT,
  `no_invitado` varchar(45) NOT NULL,
  `ap_paterno_invitado` varchar(45) NOT NULL,
  `ap_materno_invitado` varchar(45) NOT NULL,
  `ti_documento` int(11) NOT NULL,
  `nu_documento` varchar(20) NOT NULL,
  `no_entidad_representada` varchar(150) DEFAULT NULL,
  PRIMARY KEY (`id_invitado`),
  UNIQUE KEY `un_documento` (`ti_documento`,`nu_documento`),
  UNIQUE KEY `un_invitado` (`no_invitado`,`ap_paterno_invitado`,`ap_materno_invitado`)
) ENGINE=InnoDB  DEFAULT CHARSET=latin1 AUTO_INCREMENT=118 ;

--
-- Volcado de datos para la tabla `tm_invitado`
--

INSERT INTO `tm_invitado` (`id_invitado`, `no_invitado`, `ap_paterno_invitado`, `ap_materno_invitado`, `ti_documento`, `nu_documento`, `no_entidad_representada`) VALUES
(1, 'MARCOS', 'DARMA', 'QUINTANILLA', 1, '45214523', 'CONAPA'),
(2, 'PEDRO', 'CUANTO', 'DATA', 1, '45232215', 'PETRA'),
(3, 'YANINA', 'VENTE', 'ZODA', 1, '52365214', 'MINISTERIO'),
(17, 'sdf sdfs', 'sdf sdfs', 'dgdf dfgd', 1, '12396321', NULL),
(19, 'sdf sdfs', 'sdfds fsdfs', 'sdf sdfs', 1, '96321452', ''),
(20, 'dfs fs', 'fgfgdfgdgfd', 'sdfsdfs', 2, 'sdfsdfsfs', NULL),
(21, 'dfgdfgd', 'fg dfgd', 'fghfg hf', 1, '9632147', NULL),
(22, 'dfg dfgd', 'dfg dgd', 'dfg dfgd', 2, 'dhjhkh', NULL),
(23, 'sdfsd fsdfs', 'sdfsdf sdfsd', 'sdfsdf dsfsd', 5, '44666sdfsd', NULL),
(24, 'sfsdfs sfdfs', 'df gdfgd', 'fg gdfgd', 1, 'ds5646546', NULL),
(25, 'dfg dfgd', 'ddfg dfgd', 'dfg dfgd', 1, 'fsdfsd', 'sdf sdfsdfs'),
(26, 'sd dgd', 'sd fgd', 'dfg dfgd', 2, 'fsdfsd54654', 'dfg dgd'),
(27, 'sdf sdfsd', 'gff gfdfgdf', 'dfg dfgd', 1, 'sdfsdfsdfsd', 'sdfsdfsdf sdfds'),
(28, 'sdf sdfs', 'sdf sdfs', 'sdf sdfs', 1, 'esdfsdfs', 'sdf sdf'),
(29, 'dfg df', 'dfdfg df', 'df gdfd', 2, 'seffdsfs', ''),
(30, 'sdf sdfsd', 'sdf sdfs', 'sdf sdfsd', 1, '545646545', 'dsdf sdf'),
(31, 'sdf dfsd', 'sdf sdfsd', 'sd sdfs', 1, 'sdasdas', 'sdf sdfs'),
(32, 'PEDRO', 'PANDURO', 'FERNANDEZ', 1, '12345678', 'Co & Ambiental Ingenieros SAC'),
(33, 'sdf sdfs', 'sdf sdfs', 'sd sdfs', 5, 'gdgdg654', 'gdgd'),
(34, 'sdf sdfsd', 'sdf sdfsd', 'sdf sdf', 1, 'asdas', 'sdfsdfs'),
(35, 'HECTOR', 'OLIVARES', 'VASQUES', 1, '87654321', 'QUIMICA SUIZA'),
(36, 'JESUS', 'VASQUEZ', 'DE LA PUENTE', 1, '98765432', 'Advance Perucorp S.A.C'),
(37, 'd gfdgd', 's dfs', 'dfsdf sds', 1, 'wdasd45646', 'sf sdfs'),
(38, 'sdf sdfs', 'dfgfg dfgd', 'fsdf sdfs', 5, 'dasddf', 'sdf sdfds'),
(39, 'sdf sdfs', 'sdfsd sdfs', 'sdf sdfds', 1, '5645645', 'Crédito & Cobranzas S.A.C.'),
(40, 'asda sdas', 'dasdas asdas', 'asda sda', 1, '56566656', ''),
(41, 'asdasda', 'sdasdasd', 'asd asdas', 1, '545645646', ''),
(42, 'sdas das', 'das ada', 'asd sad', 3, '54546465456', ''),
(43, 'sdsd', 'sds ds', 'sdsd sds', 2, 'adsds', 'Castro & Lay Abogados SAC'),
(44, 'asd asdas', 'sadas dasd', 'asda das', 3, 'dsadsa', 'sad asda'),
(45, 'sdfgdfgd', 'fgd dfgd', 'dfg dfgd', 2, '7854122', 'Ceva Logistics Peru S.R.L'),
(46, 'dsdsd', 'assddsd', 'sdsd sd', 1, '96321445', 'Solución Eficaz del Perú S.A.C.'),
(47, 'asd asdas', 'asdas dasdas', 'asd asdas', 1, '5466556', ''),
(48, 'sd da', 's sas', 'sda sda', 1, '9632145', 'Advance Perucorp S.A.C'),
(49, 'f sdf', 'nbvn ngq', 'sdf df', 1, '78945621', 'Estudio Caballero Bustamante SRL'),
(50, 'sdf sdfs', 'sd asda', 'sd fsdfs', 1, '96312354', 'Advance Perucorp S.A.C'),
(51, 'sd asdsa', 'sd asda', 'sadsd asd', 1, '9631245', 'Estudio Caballero Bustamante SRL'),
(52, 'gh ghjg', 's sda', 'sdfdfg df', 1, '963214', 'Estudio Alzamora Abogados S. Civil de R. L.'),
(53, 'HILDA', 'CARDOSO', 'ESPINOZA', 1, '23456789', 'Advance Perucorp S.A.C'),
(54, 'sdf sdfs', 'sd as', 'dfgd df', 1, '7412365', ''),
(55, 'sdfsdfsdfgdf df', 'asd asdasd ds', 'sd sdfs', 3, '96321457545545', ''),
(56, 'df sddfs', 'sd dsfgf df', 'df dg dfgd', 4, '98745632', ''),
(57, 'GHGHJ HJG', 'gh fhgh hgf', 'ghghj ghjg', 5, '987456322', ''),
(58, 'fgf fgdf', 'sdfg dfgd', 'd dfgdfgd', 4, '789542111', 'Estudio Alzamora Abogados S. Civil de R. L.'),
(59, 'sdf sdfsf sdfs', 'sd fsdfs', 'df gdfgd', 1, '896565', ''),
(60, 'fgfgh gfhgf', 'ghjghjg jghjg', 'fghf hfg', 3, '78965412365', 'Estudio Alzamora Abogados S. Civil de R. L.'),
(61, 'f vnbvnv', 'dfg nvbv', 'bnv vbn', 4, '7896541236', 'Skm - Consulting'),
(62, ' hjkhjkh', 'g hgjghjg', ' hjkhjkh', 1, '789654', 'Estudio Alzamora Abogados S. Civil de R. L.'),
(63, 'ghj ghj gh', 'dfg dfgdf', 'gf hgfhgf', 1, '7458963', ''),
(103, 'Larry', 'Ortiz', 'Fernandez', 1, '45887427', 'LCP Consultores'),
(104, 'sd dfsd', 'd asd adasd', 'asd asdas', 5, '9632145', 'Ceva Logistics Peru S.R.L'),
(105, 'dfghfgh gf', 'df dfg', 'dfgdfg', 5, '789654', 'Ceva Logistics Peru S.R.L'),
(106, 'sdsdfsd', 'sd asdas', 'sd sds', 1, 'asdasdasda', 'Quality Advance'),
(107, 'sd sdfds', 'as dasda', 'sd dfsd', 1, '7896321', ''),
(108, 'kkj', 'klj', 'lkjklj', 2, '656465', 'asd sa'),
(109, 'ELOY', 'MUNIVE', 'PARIONA', 1, '44436595', 'Abogados por internet s.a.c'),
(110, 'ENZO', 'PAREDES', 'CASTAÑEDA', 1, '48324234', 'Estudio Alzamora Abogados S. Civil de R. L.'),
(111, 'Chech', 'Castro', 'Manrique', 1, '46699770', 'Empresa 02'),
(112, 'Diana', 'Alarcon', 'Perez', 1, '85258525', 'Castro & Lay Abogados SAC'),
(113, 'Prueba2', 'Prueba', 'Prueba1', 1, '43444444', 'Estudio Caballero Bustamante SRL'),
(114, 'asdasdasd', 'asdasd', 'asdasd', 1, '999999999', 'Ceva Logistics Peru S.R.L'),
(115, 'vvvvvvvvv', 'eeeee', 'eeecccc', 1, '777777777', 'Co & Ambiental Ingenieros SAC'),
(116, 'Juan', 'Perez', 'Alarcon', 1, '12365498', 'Advance Perucorp S.A.C'),
(117, 'ASDASD', 'DASDAD', 'ADSASDD', 1, '9636985', 'Castro & Lay Abogados SAC');

-- --------------------------------------------------------

--
-- Estructura de tabla para la tabla `tm_lugar_reunion`
--

CREATE TABLE IF NOT EXISTS `tm_lugar_reunion` (
  `id_lugar_reunion` int(11) NOT NULL AUTO_INCREMENT,
  `id_sede` int(11) NOT NULL,
  `no_lugar_reunion` varchar(45) NOT NULL,
  `de_lugar_reunion` varchar(150) DEFAULT NULL,
  PRIMARY KEY (`id_lugar_reunion`),
  KEY `id_sede` (`id_sede`)
) ENGINE=InnoDB  DEFAULT CHARSET=latin1 AUTO_INCREMENT=7 ;

--
-- Volcado de datos para la tabla `tm_lugar_reunion`
--

INSERT INTO `tm_lugar_reunion` (`id_lugar_reunion`, `id_sede`, `no_lugar_reunion`, `de_lugar_reunion`) VALUES
(1, 1, 'SALA VALER', ''),
(2, 1, 'SALA TELLO', NULL),
(3, 1, 'SALA ACUERDO NACIONAL', NULL),
(4, 1, 'OFICINA', 'oficinas de la sede palacio'),
(5, 2, 'OFICINA', ''),
(6, 4, 'Sala Primer Piso', '......');

-- --------------------------------------------------------

--
-- Estructura de tabla para la tabla `tm_oficina`
--

CREATE TABLE IF NOT EXISTS `tm_oficina` (
  `id_oficina` int(11) NOT NULL AUTO_INCREMENT,
  `id_sede` int(11) NOT NULL,
  `co_oficina` varchar(25) NOT NULL,
  `no_oficina` varchar(255) NOT NULL,
  `de_oficina` varchar(255) DEFAULT NULL,
  PRIMARY KEY (`id_oficina`),
  UNIQUE KEY `un_oficina1` (`id_sede`,`co_oficina`),
  KEY `un_oficina2` (`id_sede`,`no_oficina`)
) ENGINE=InnoDB  DEFAULT CHARSET=latin1 AUTO_INCREMENT=385 ;

--
-- Volcado de datos para la tabla `tm_oficina`
--

INSERT INTO `tm_oficina` (`id_oficina`, `id_sede`, `co_oficina`, `no_oficina`, `de_oficina`) VALUES
(308, 1, 'CMAN', 'Comisión De Alto Nivel Encargada Del Seguimiento De Las Acciones Y Políticas De Estado En Los Ámbitos De La Paz, La Reparación Colectiva Y La Reconciliación Nacional', 'Comisión De Alto Nivel Encargada Del Seguimiento De Las Acciones Y Políticas De Estado En Los Ámbitos De La Paz, La Reparación Colectiva Y La Reconciliación Nacional'),
(309, 1, 'ST-CIAS', 'ST- Comisión Interministerial de Asuntos Sociales', 'Comisión Interministerial De Asuntos Sociales'),
(310, 1, 'CREP', 'Consejo de Reparaciones', 'Consejo De Reparaciones'),
(311, 1, 'DM', 'Despacho Ministerial', 'Despacho Ministerial - Del Presidente de la Republica'),
(312, 1, 'DNTDT', 'Dirección Nacional Técnica De Demarcación Territorial', 'Dirección Nacional Técnica De Demarcación Territorial'),
(313, 1, 'FORSUR', 'Fondo para la Reconstrucción Integral de las Zonas Afectadas por el Sismo - Forsur', 'Fondo Para La Reconstrucción Integral De Las Zonas Afectadas Por El Sismo - Forsur'),
(314, 1, 'MCLCP', 'Mesa de Concertación para la Lucha contra la Pobreza', 'Mesa De Concertación Para La Lucha Contra La Pobreza'),
(315, 1, 'OGAJ', 'Oficina General De Asesoria Jurídica', 'Oficina De Accesoria Jurídica'),
(316, 1, 'OAA', 'Oficina De Asuntos Administrativos', 'Oficina De Asuntos Administrativos'),
(317, 1, 'OAF', 'Oficina De Asuntos Financieros', 'Oficina De Asuntos Financieros'),
(318, 1, 'OPII', 'Oficina de Prensa e Imagen Institucional', 'Oficina De Prensa E Imagen Institucional'),
(319, 1, 'ORH', 'Oficina De Recursos Humanos', 'Oficina De Recursos Humanos'),
(320, 1, 'OS', 'Oficina De Sistemas', 'Oficina De Sistemas'),
(321, 1, 'OGA', 'Oficina General De Administración', 'Oficina General De Administración'),
(322, 1, 'OGCS', 'Oficina General De Comunicación Social', 'Oficina General De Comunicaciones'),
(323, 1, 'ONGEI', 'Oficina Nacional De Gobierno Electrónico e Informatica', 'Oficina Nacional De Gobierno Electrónico E Informatica'),
(324, 1, 'OCI', 'Órgano De Control Institucional', 'Órgano De Control Institucional'),
(325, 1, 'I   VICEPRESIDENCIA', 'Primera Vicepresidencia de la Republica', 'Primera Vicepresidencia De La Republica'),
(326, 1, 'PROCU', 'Procuraduría Pública', 'Procuraduría Pública'),
(327, 1, 'PCMIL', 'Programa Cuenta del Milenio', 'Programa Cuenta Del Milenio'),
(328, 1, 'CYT', 'Programa De Ciencia y Tecnología', 'Programa De Ciencia Y Tecnología'),
(329, 1, 'PMDE', 'Programa De Modernización y Descentralización Del Estado', 'Programa De Modernización Y Descentralización Del Estado'),
(330, 1, 'JUNTOS', 'Programa Juntos', 'Programa Juntos'),
(331, 1, 'SC', 'Secretaria De Coordinación', 'Secretaria De Coordinación'),
(332, 1, 'SD', 'Secretaria De Descentralización', 'Secretaria De Descentralización'),
(333, 1, 'SGP', 'Secretaría De Gestión Pública', 'Secretaria De Gestión Publica'),
(334, 1, 'SG', 'Secretaría General', 'Secretaría General'),
(335, 1, 'AN', 'Acuerdo Nacional', 'Secretaria Técnica Del Acuerdo Nacional'),
(336, 1, 'II VICEPRESIDENCIA', 'Segunda Vicepresidencia De La República', 'Segunda Vicepresidencia De La República'),
(337, 1, 'UAEPC', 'Secretaría de Coordinación: Unidad de Análisis Estratégicos y Prevención de Conflictos', 'Unidad De Análisis Estratégicos Y Prevención De Conflictos'),
(338, 1, 'ST-CNC', 'Secretaría Técnica Del Consejo Nacional De La Competitividad', 'Consejo Nacional De La Competitividad'),
(339, 1, 'INDECI', 'Instituto Nacional de Defensa Civil', 'Instituto Nacional De Defensa Civil'),
(340, 1, 'DP', 'Despacho Presidencial', 'Despacho Presidencial'),
(341, 1, 'DEVIDA', 'Comisión Nacional para Desarrollo y Vida Sin Drogas', 'Comisión Nacional Para Desarrollo Y Vida Sin Drogas'),
(342, 1, 'IRTP', 'Instituto Nacional de Radio y Televisión del Perú', 'Instituto Nacional De Radio Y Televisión Del Perú'),
(343, 1, 'ESAP', 'Escuela Superior de Administración Pública', 'Escuela Superior De Administración Pública'),
(344, 1, 'COSEP', 'Consejo Superior de Empleo Público', 'Consejo Superior De Empleo Público'),
(345, 1, 'CEPLAN', 'Consejo Nacional De Planeamiento Estratégico', 'Consejo Nacional De Planeamiento Estratégico'),
(346, 1, 'INDECOPI', 'Instituto Nacional de Defensa de la Competencia y de la Protección de la Propiedad Intelectual', 'Instituto Nacional De Defensa De La Competencia Y De La Protección De La Propiedad Intelectual'),
(347, 1, 'INEI', 'Instituto Nacional de Estadística e Informática', 'Instituto Nacional De Estadística E Informática'),
(348, 1, 'SIERRAEXPORT', 'Programa Sierra Exportadora', 'Programa Sierra Exportadora'),
(349, 1, 'DINI', 'Dirección Nacional de Inteligencia', 'Dirección Nacional De Inteligencia'),
(350, 1, 'CGBVP', 'Cuerpo General de Bomberos Voluntarios Del Perú', 'Cuerpo General De Bomberos Voluntarios Del Perú'),
(351, 1, 'OSIPTEL', 'Organismo Supervisor de la Inversión Privada en Telecomunicaciones', 'Organismo Supervisor De La Inversión Privada En Telecomunicaciones'),
(352, 1, 'OSINERMIN', 'Organismo Supervisor de la Inversión en Energía y Minería', 'Organismo Supervisor De La Inversión En Energía Y Minería'),
(353, 1, 'OSITRAN', 'Organismo Supervisor de La Inversión en Infraestructura de Transporte de Uso Público', 'Organismo Supervisor De La Inversión En Infraestructura De Transporte De Uso Público'),
(354, 1, 'SUNASS', 'Superintendencia Nacional de Servicios de Saneamiento', 'Superintendencia Nacional De Servicios De Saneamiento'),
(355, 1, 'CIAEF', 'Comisión Interinstitucional De Asuntos Económicos Y Financieros', 'Comisión Interinstitucional De Asuntos Económicos Y Financieros'),
(356, 1, 'CCV', 'Comisión De Coordinación Viceministerial', 'Comisión De Coordinación Viceministerial'),
(357, 1, 'CNPADBPyCCPIR', 'Comisión Nacional para la Protección al Acceso a la Diversidad Biológica Peruana y a los Conocimientos Colectivos Indígenas Relacionados con Ella', 'Comisión Nacional Para La Protección Al Acceso A La Diversidad Biológica Peruana Y A Los Conocimientos Colectivos Indígenas Relacionados Con Ella'),
(358, 1, 'FONDIGUAL', 'Fondo Para La Igualdad', 'Fondo Para La Igualdad'),
(359, 1, 'FFAPN', 'Comisión De Alto Nivel Encargada De Elaborar Una Propuesta De Reestructuración Integral De Las Fuerzas Armadas Y Fuerzas Policiales', 'Fondo Para Las Fuerzas Armadas Y La Policía Nacional'),
(360, 1, 'AGORAH', 'Programa De Apoyo Al Desarrollo Socioeconomico Y A La Descentralizacion En Las Regiones De Ayacucho Y Huancavelica', ''),
(361, 1, 'OFISEG', 'Oficina De Seguridad', ''),
(362, 2, 'CAN', 'Comisión De Alto Nivel Anticorrupción', 'Coordinación General de la CAN'),
(363, 1, 'OGPP', 'Oficina General de Planeamiento y Presupuesto', 'Oficina general de Planeamiento y Presupuesto'),
(364, 1, 'PAMC', 'Proyecto De Apoyo Para Mejorar La Oferta Productiva Y Facilitar El Comercio Exterior', 'Proyecto de Apoyo para Mejorar la Oferta Productiva y Facilitar el comercio Exterior'),
(365, 1, 'Unid. Coord. de CYT', 'Unidad Coordinadora de Ciencia y Tecnología', 'Unidad Coordinadora de Ciencia y Tecnología\n'),
(366, 1, 'OPD-PCM', 'Organismos Publicos Descentralizados', ''),
(367, 1, 'COMISIONES-PCM', 'Comisiones Y Consejos De La Presidencia Del Consejo De Ministros', ''),
(368, 1, 'OF.SEG', 'Oficina De Seguridad De PCM', 'Oficina No reconocida pero cumple funciones de coordinacion con la Empresa de Seguridad Externa. PCm'),
(369, 1, 'PU', 'Programa Umbral', ''),
(370, 1, 'GPPME', 'Gerencia Pública del Proceso de Modernización del Estado', ''),
(371, 1, 'PIRAS', 'Programa para la Integración de las Regiones de Amazonas y San Martin', 'PROGRAMA PARA LA INTEGRACIÓN DE LAS REGIONES DE AMAZONAS Y SAN MARTIN'),
(372, 1, 'CI', 'Ciudadanos Invisibles', ''),
(373, 1, 'SERVIR', 'Autoridad Nacional del Servicio Civil ', NULL),
(374, 1, 'DNTDT-OATGT', 'Dirección Nacional Técnica de Demarcación Territorial: Oficina de Asuntos Técnicos, Geográficos y Territoriales', NULL),
(375, 1, 'DNTDT-OBDSIG', 'Dirección Nacional Técnica de Demarcación Territorial: Oficina de Base de Datos y Sistemas de Información Geográfica', NULL),
(376, 1, 'SD-OGI', 'Secretaria de Descentralización: Oficina de Gestión de Inversiones', NULL),
(377, 1, 'SD-OTME', 'Secretaria de Descentralización: Oficina de Transferencia, Monitoreo y Evaluación de Competencias', NULL),
(378, 1, 'PREVEN', 'Proyecto Preven', ''),
(379, 1, 'PACP', 'Programa De Apoyo Para Una Cultura De Paz Y Fortalecimiento De Capacidades Nacionales Para La Prevención Y El Manejo Constructivo De Conflictos', ''),
(380, 1, 'OCP', 'Oficina De Coordinacion Parlamentaria', 'Oficina De Coordinacion Parlamentaria'),
(381, 1, '', 'Oficina De Conflictos', ''),
(382, 1, 'PREVCON', 'PREVCON', ''),
(383, 1, 'CMAN-RIFAP', 'Comisión De Alto Nivel Encargada De Elaborar Una Propuesta De Reestructuración Integral De Las Fuerzas Armadas Y Fuerzas Policiales', 'Comisión de Alto Nivel encargada de elaborar una propuesta de reestructuración integral de las Fuerzas Armadas y Fuerzas Policiales'),
(384, 4, 'OTI', 'Oficina de TIC', '.....');

-- --------------------------------------------------------

--
-- Estructura de tabla para la tabla `tm_rol`
--

CREATE TABLE IF NOT EXISTS `tm_rol` (
  `id_rol` int(11) NOT NULL AUTO_INCREMENT,
  `co_rol` varchar(20) NOT NULL,
  `no_rol` varchar(45) NOT NULL,
  `de_rol` varchar(150) DEFAULT NULL,
  PRIMARY KEY (`id_rol`),
  UNIQUE KEY `co_rol` (`co_rol`),
  UNIQUE KEY `no_rol` (`no_rol`)
) ENGINE=InnoDB  DEFAULT CHARSET=latin1 COMMENT='rol de:  administrador  recepcion  otros' AUTO_INCREMENT=4 ;

--
-- Volcado de datos para la tabla `tm_rol`
--

INSERT INTO `tm_rol` (`id_rol`, `co_rol`, `no_rol`, `de_rol`) VALUES
(1, 'RECEPCION', 'RECEPCION', NULL),
(2, 'ADMIN', 'ADMINISTRADOR', NULL),
(3, 'OTROS', 'OTROS', NULL);

-- --------------------------------------------------------

--
-- Estructura de tabla para la tabla `tm_sede`
--

CREATE TABLE IF NOT EXISTS `tm_sede` (
  `id_sede` int(11) NOT NULL AUTO_INCREMENT,
  `co_sede` varchar(20) NOT NULL,
  `no_sede` varchar(45) NOT NULL,
  `de_sede` varchar(150) DEFAULT NULL,
  PRIMARY KEY (`id_sede`),
  UNIQUE KEY `co_sede` (`co_sede`),
  UNIQUE KEY `no_sede` (`no_sede`)
) ENGINE=InnoDB  DEFAULT CHARSET=latin1 AUTO_INCREMENT=5 ;

--
-- Volcado de datos para la tabla `tm_sede`
--

INSERT INTO `tm_sede` (`id_sede`, `co_sede`, `no_sede`, `de_sede`) VALUES
(1, 'PALACIO', 'SEDE PALACIO', NULL),
(2, 'ARMENDARIS', 'SEDE ARMENDARIS', ''),
(3, 'PETROPERU', 'SEDE PETROPERU', NULL),
(4, 'o1', 'Serfor ', '.......');

-- --------------------------------------------------------

--
-- Estructura de tabla para la tabla `tm_usuario`
--

CREATE TABLE IF NOT EXISTS `tm_usuario` (
  `id_usuario` int(11) NOT NULL AUTO_INCREMENT,
  `no_usuario` varchar(20) NOT NULL,
  `no_clave` varchar(45) NOT NULL,
  `no_completo_usuario` varchar(45) NOT NULL,
  `ap_paterno_usuario` varchar(45) NOT NULL,
  `ap_materno_usuario` varchar(45) NOT NULL,
  `id_sede` int(11) NOT NULL,
  `id_rol` int(11) NOT NULL,
  `fe_login_actual` datetime DEFAULT NULL,
  `fe_login_ultimo` datetime DEFAULT NULL,
  PRIMARY KEY (`id_usuario`),
  UNIQUE KEY `no_usuario` (`no_usuario`),
  KEY `id_rol` (`id_rol`),
  KEY `id_sede` (`id_sede`)
) ENGINE=InnoDB  DEFAULT CHARSET=latin1 AUTO_INCREMENT=5 ;

--
-- Volcado de datos para la tabla `tm_usuario`
--

INSERT INTO `tm_usuario` (`id_usuario`, `no_usuario`, `no_clave`, `no_completo_usuario`, `ap_paterno_usuario`, `ap_materno_usuario`, `id_sede`, `id_rol`, `fe_login_actual`, `fe_login_ultimo`) VALUES
(1, 'recepcion', '63f0cb619bd5cafd7ab8d574bfe081d8', 'Juan ', 'Perez', 'Alarcon', 1, 1, '2014-10-07 17:32:27', '2014-10-06 19:31:47'),
(2, 'admin', '21232f297a57a5a743894a0e4a801fc3', 'Sergio', 'Castro', 'Manrique', 1, 2, '2015-05-05 09:08:29', '2015-04-27 10:34:00'),
(3, 'prueba', 'c893bad68927b457dbed39460e6afd62', 'prueba', 'prueba', 'prueba', 1, 1, '2015-05-05 09:09:12', '2015-04-27 14:18:56'),
(4, 'jordonez', '202cb962ac59075b964b07152d234b70', 'Jerimy', 'Ordonez', 'MonteVerde', 4, 1, '2014-11-19 10:01:15', '2014-11-19 09:51:33');

-- --------------------------------------------------------

--
-- Estructura de tabla para la tabla `tm_visita`
--

CREATE TABLE IF NOT EXISTS `tm_visita` (
  `id_visita` int(11) NOT NULL AUTO_INCREMENT,
  `id_invitado` int(11) NOT NULL,
  `no_lugar_reunion` varchar(150) DEFAULT NULL,
  `no_cargo_laboral` varchar(45) NOT NULL,
  `no_motivo_visita` varchar(150) NOT NULL,
  `fe_registro` datetime NOT NULL,
  `co_pase` varchar(20) NOT NULL,
  `fe_ingreso` datetime NOT NULL,
  `fe_salida` datetime DEFAULT NULL,
  `no_entidad_representada` varchar(150) DEFAULT NULL,
  `in_activo` int(11) NOT NULL,
  `id_sede` int(11) NOT NULL,
  `no_oficina` varchar(255) DEFAULT NULL,
  `no_colaborador` varchar(45) NOT NULL,
  `ap_paterno_colaborador` varchar(45) NOT NULL,
  `ap_materno_colaborador` varchar(45) NOT NULL,
  `ti_documento_colaborador` int(11) NOT NULL,
  `nu_documento_colaborador` varchar(20) NOT NULL,
  `no_usuario_registro` varchar(20) DEFAULT NULL,
  `no_usuario_modificacion` varchar(20) DEFAULT NULL,
  PRIMARY KEY (`id_visita`),
  UNIQUE KEY `un_visita` (`no_motivo_visita`,`no_lugar_reunion`,`id_invitado`,`fe_ingreso`),
  KEY `id_invitado` (`id_invitado`),
  KEY `tm_visita_ibfk_3` (`id_sede`)
) ENGINE=InnoDB  DEFAULT CHARSET=latin1 AUTO_INCREMENT=88 ;

--
-- Volcado de datos para la tabla `tm_visita`
--

INSERT INTO `tm_visita` (`id_visita`, `id_invitado`, `no_lugar_reunion`, `no_cargo_laboral`, `no_motivo_visita`, `fe_registro`, `co_pase`, `fe_ingreso`, `fe_salida`, `no_entidad_representada`, `in_activo`, `id_sede`, `no_oficina`, `no_colaborador`, `ap_paterno_colaborador`, `ap_materno_colaborador`, `ti_documento_colaborador`, `nu_documento_colaborador`, `no_usuario_registro`, `no_usuario_modificacion`) VALUES
(1, 1, 'OFICINA RRHH', 'JEFE', 'COORDINACION', '2012-05-23 15:30:00', 'CO-SDSDA', '2012-05-23 14:01:00', '2012-05-23 19:15:00', 'CONAPA', 7, 1, NULL, 'NINGUNO', 'NINGUNO', 'NINGUNO', 0, '999999', NULL, NULL),
(2, 2, 'OFICINA OGA', 'PRENSA', 'PUBLICACION', '2012-05-23 15:30:00', 'CO-ESFDFD', '2012-05-23 14:01:00', '2012-05-23 17:25:00', 'RESTA', 7, 1, NULL, 'NINGUNO', 'NINGUNO', 'NINGUNO', 0, '999999', NULL, NULL),
(6, 17, 'SALSA VALER', 'SEGURIDAD', 'asd asdas', '2012-05-23 19:30:04', '', '2012-05-23 19:29:00', '2012-05-23 19:29:01', NULL, 7, 1, NULL, 'NINGUNO', 'NINGUNO', 'NINGUNO', 0, '999999', NULL, NULL),
(8, 19, 'SALSA VALER', 'SEGURIDAD', 'awsd sda', '2012-05-23 19:33:54', '963sdada', '2012-05-23 19:32:00', '2012-05-23 19:33:00', NULL, 7, 1, NULL, 'NINGUNO', 'NINGUNO', 'NINGUNO', 0, '999999', NULL, NULL),
(11, 21, 'SALSA VALER', 'SEGURIDAD', 'sd asdas', '2012-05-24 18:15:46', '', '2012-05-24 18:15:00', NULL, NULL, 7, 1, NULL, 'NINGUNO', 'NINGUNO', 'NINGUNO', 0, '999999', NULL, NULL),
(12, 22, 'SALSA VALER', 'SEGURIDAD', 'sd asdas', '2012-05-24 18:15:46', 'dfds963', '2012-05-24 18:15:00', '2012-05-25 18:15:00', NULL, 8, 1, NULL, 'NINGUNO', 'NINGUNO', 'NINGUNO', 0, '999999', NULL, NULL),
(13, 23, 'SALA TELLO', 'SEGURIDAD', 'sdf sdfsdf', '2012-05-24 18:24:52', 'fsdfsd5645645', '2012-05-24 18:24:00', NULL, NULL, 7, 1, NULL, 'NINGUNO', 'NINGUNO', 'NINGUNO', 0, '999999', NULL, NULL),
(14, 24, 'SALA ACUERDO NACIONAL', 'SEGURIDAD', 'sdf sdfs', '2012-05-24 18:26:17', 'dfsdfs', '2012-05-24 18:25:00', '2012-05-24 18:25:01', NULL, 7, 1, NULL, 'NINGUNO', 'NINGUNO', 'NINGUNO', 0, '999999', NULL, NULL),
(15, 25, 'SALA ACUERDO NACIONAL', 'SEGURIDAD', 'dfsdf sdfsdf', '2012-05-24 18:34:03', '56465fs', '2012-05-24 18:33:00', NULL, 'sdf sdfsdfs', 7, 1, NULL, 'NINGUNO', 'NINGUNO', 'NINGUNO', 0, '999999', NULL, NULL),
(16, 26, 'SALA ACUERDO NACIONAL', 'SEGURIDAD', 'dfsdf sdfsdf', '2012-05-24 18:34:03', 'gdfgddfg', '2012-05-24 18:33:00', NULL, 'dfg dgd', 7, 1, NULL, 'NINGUNO', 'NINGUNO', 'NINGUNO', 0, '999999', NULL, NULL),
(17, 27, 'SALA ACUERDO NACIONAL', 'SEGURIDAD', 'dfsdf sdfsdf', '2012-05-24 18:34:03', '546546', '2012-05-24 18:33:00', NULL, 'sdfsdfsdf sdfds', 7, 1, NULL, 'NINGUNO', 'NINGUNO', 'NINGUNO', 0, '999999', NULL, NULL),
(18, 28, 'SALA ACUERDO NACIONAL', 'SEGURIDAD', 'gfh gfhgfhgf', '2012-05-24 18:36:29', 'fsdffsdfsd', '2012-05-24 18:35:00', NULL, 'sdf sdf', 7, 1, NULL, 'NINGUNO', 'NINGUNO', 'NINGUNO', 0, '999999', NULL, NULL),
(19, 29, 'SALA ACUERDO NACIONAL', 'SEGURIDAD', 'gfh gfhgfhgf', '2012-05-24 18:36:29', '', '2012-05-24 18:35:00', '2012-05-24 18:35:01', '', 8, 1, NULL, 'NINGUNO', 'NINGUNO', 'NINGUNO', 0, '999999', NULL, NULL),
(20, 30, 'SALA TELLO', 'SEGURIDAD', 'sd asasd', '2012-05-25 09:40:26', 'sdas544', '2012-05-25 09:40:00', NULL, 'dsdf sdf', 7, 1, NULL, 'NINGUNO', 'NINGUNO', 'NINGUNO', 0, '999999', NULL, NULL),
(21, 31, 'SALSA VALER', 'SEGURIDAD', 'asd asdas', '2012-05-25 09:43:57', '', '2012-05-25 09:43:00', NULL, 'sdf sdfs', 8, 1, NULL, 'NINGUNO', 'NINGUNO', 'NINGUNO', 0, '999999', NULL, NULL),
(22, 32, 'SALSA VALER', 'SEGURIDAD', 'PERSONAL', '2012-05-25 09:59:09', '', '2012-05-25 09:57:00', NULL, 'INEI', 7, 1, NULL, 'NINGUNO', 'NINGUNO', 'NINGUNO', 0, '999999', NULL, NULL),
(23, 33, 'SALA TELLO', 'SEGURIDAD', 'MOTIVO INSTITUCIONAL', '2012-05-25 10:00:44', '', '2012-05-25 10:00:00', '2012-05-25 10:55:01', 'gdgd', 7, 1, NULL, 'NINGUNO', 'NINGUNO', 'NINGUNO', 0, '999999', NULL, NULL),
(24, 34, 'SALA TELLO', 'SEGURIDAD', 'MOTIVO PERSONAL', '2012-05-25 10:01:19', 'sdfsd', '2012-05-25 10:00:00', NULL, 'sdfsdfs', 7, 1, NULL, 'NINGUNO', 'NINGUNO', 'NINGUNO', 0, '999999', NULL, NULL),
(25, 35, 'OFICINA', 'SEGURIDAD', 'TRABAJO', '2012-05-25 10:02:00', '', '2012-05-25 09:59:00', NULL, 'QUIMICA SUIZA', 7, 1, NULL, 'NINGUNO', 'NINGUNO', 'NINGUNO', 0, '999999', NULL, NULL),
(26, 36, 'OFICINA', 'SEGURIDAD', 'TRABAJO', '2012-05-25 10:02:00', '', '2012-05-25 09:59:00', NULL, '', 7, 1, NULL, 'NINGUNO', 'NINGUNO', 'NINGUNO', 0, '999999', NULL, NULL),
(27, 37, 'SALSA VALER', 'SEGURIDAD', 'MOTIVO INSTITUCIONAL', '2012-05-25 17:44:37', '', '2012-05-25 17:42:00', NULL, 'sf sdfs', 7, 1, NULL, 'NINGUNO', 'NINGUNO', 'NINGUNO', 0, '999999', NULL, NULL),
(28, 38, 'SALSA VALER', 'SEGURIDAD', 'MOTIVO INSTITUCIONAL', '2012-05-25 17:44:37', '', '2012-05-25 17:42:00', '2012-05-25 18:20:00', 'sdf sdfds', 7, 1, NULL, 'NINGUNO', 'NINGUNO', 'NINGUNO', 0, '999999', NULL, NULL),
(29, 39, 'SALSA VALER', 'SEGURIDAD', 'MOTIVO INSTITUCIONAL', '2012-05-28 18:19:00', 'asdasd', '2012-05-28 18:18:00', NULL, 'Crédito & Cobranzas S.A.C.', 7, 1, NULL, 'NINGUNO', 'NINGUNO', 'NINGUNO', 0, '999999', NULL, NULL),
(30, 40, 'SALA TELLO', 'SEGURIDAD', 'MOTIVO INSTITUCIONAL', '2012-05-29 16:03:42', '123332', '2012-05-29 16:02:00', '2012-05-29 16:10:32', '', 7, 1, NULL, 'NINGUNO', 'NINGUNO', 'NINGUNO', 0, '999999', NULL, NULL),
(31, 41, 'SALSA VALER', 'SEGURIDAD', 'MOTIVO INSTITUCIONAL', '2012-05-29 16:44:10', '', '2012-05-29 16:40:00', NULL, '', 7, 1, NULL, 'NINGUNO', 'NINGUNO', 'NINGUNO', 0, '999999', NULL, NULL),
(32, 42, 'SALSA VALER', 'SEGURIDAD', 'MOTIVO INSTITUCIONAL', '2012-05-29 16:44:10', '', '2012-05-29 16:40:00', NULL, '', 7, 1, NULL, 'NINGUNO', 'NINGUNO', 'NINGUNO', 0, '999999', NULL, NULL),
(33, 43, 'SALSA VALER', 'SEGURIDAD', 'MOTIVO INSTITUCIONAL', '2012-05-29 17:06:25', '', '2012-05-29 16:44:00', NULL, 'Castro & Lay Abogados SAC', 7, 1, NULL, 'NINGUNO', 'NINGUNO', 'NINGUNO', 0, '999999', NULL, NULL),
(34, 44, 'SALSA VALER', 'SEGURIDAD', 'MOTIVO INSTITUCIONAL', '2012-05-29 17:06:25', '', '2012-05-29 16:44:00', '2012-05-29 16:44:01', 'sad asda', 7, 1, NULL, 'NINGUNO', 'NINGUNO', 'NINGUNO', 0, '999999', NULL, NULL),
(35, 19, 'SALSA VALER', 'SEGURIDAD', 'MOTIVO INSTITUCIONAL', '2012-05-30 10:19:02', '', '2012-05-30 10:18:00', '2012-05-30 18:05:02', '', 7, 1, NULL, 'NINGUNO', 'NINGUNO', 'NINGUNO', 0, '999999', NULL, NULL),
(36, 45, 'SALSA VALER', 'SEGURIDAD', 'MOTIVO INSTITUCIONAL', '2012-05-30 10:19:02', '', '2012-05-30 10:18:00', NULL, 'Ceva Logistics Peru S.R.L', 7, 1, NULL, 'NINGUNO', 'NINGUNO', 'NINGUNO', 0, '999999', NULL, NULL),
(37, 46, 'SALSA VALER', 'SEGURIDAD', 'MOTIVO INSTITUCIONAL', '2012-05-30 10:26:12', '', '2012-05-30 10:25:00', NULL, 'Solución Eficaz del Perú S.A.C.', 7, 1, NULL, 'NINGUNO', 'NINGUNO', 'NINGUNO', 0, '999999', NULL, NULL),
(38, 47, 'SALA TELLO', 'SEGURIDAD', 'MOTIVO INSTITUCIONAL', '2012-05-30 17:58:43', '', '2012-05-30 17:58:00', '2012-05-30 17:59:02', '', 7, 1, NULL, 'NINGUNO', 'NINGUNO', 'NINGUNO', 0, '999999', NULL, NULL),
(39, 32, 'SALSA VALER', 'SEGURIDAD', 'MOTIVO INSTITUCIONAL', '2012-05-31 09:22:28', '1', '2012-05-31 09:20:00', NULL, 'INEI', 7, 1, NULL, 'NINGUNO', 'NINGUNO', 'NINGUNO', 0, '999999', NULL, NULL),
(40, 35, 'SALSA VALER', 'SEGURIDAD', 'MOTIVO INSTITUCIONAL', '2012-05-31 09:22:28', '2', '2012-05-31 09:20:00', '2012-05-31 10:20:00', 'QUIMICA SUIZA', 7, 1, NULL, 'NINGUNO', 'NINGUNO', 'NINGUNO', 0, '999999', NULL, NULL),
(41, 48, 'SALSA VALER', 'SEGURIDAD', 'MOTIVO PERSONAL', '2012-05-31 09:56:08', '963214', '2012-05-31 09:55:00', NULL, 'Advance Perucorp S.A.C', 7, 1, NULL, 'NINGUNO', 'NINGUNO', 'NINGUNO', 0, '999999', NULL, NULL),
(42, 32, 'OFICINA', 'SEGURIDAD', 'MOTIVO PERSONAL', '2012-05-31 09:56:36', '3', '2012-05-31 09:56:00', '2012-05-31 16:18:00', 'INEI', 7, 1, NULL, 'NINGUNO', 'NINGUNO', 'NINGUNO', 0, '999999', NULL, NULL),
(43, 49, 'SALA ACUERDO NACIONAL', 'SEGURIDAD', 'MOTIVO INSTITUCIONAL', '2012-05-31 09:57:35', '785412', '2012-05-31 09:56:00', '2012-05-31 16:17:00', 'Estudio Caballero Bustamante SRL', 7, 1, NULL, 'NINGUNO', 'NINGUNO', 'NINGUNO', 0, '999999', NULL, NULL),
(44, 50, 'SALSA VALER', 'SEGURIDAD', 'MOTIVO INSTITUCIONAL', '2012-05-31 12:24:51', '963214', '2012-05-31 12:24:00', NULL, 'Advance Perucorp S.A.C', 7, 1, NULL, 'NINGUNO', 'NINGUNO', 'NINGUNO', 0, '999999', NULL, NULL),
(45, 51, 'SALSA VALER', 'SEGURIDAD', 'MOTIVO INSTITUCIONAL', '2012-05-31 12:25:39', '96321', '2012-05-31 12:25:00', NULL, 'Estudio Caballero Bustamante SRL', 8, 1, NULL, 'NINGUNO', 'NINGUNO', 'NINGUNO', 0, '999999', NULL, NULL),
(46, 52, 'SALSA VALER', 'SEGURIDAD', 'MOTIVO INSTITUCIONAL', '2012-05-31 17:27:30', '78541', '2012-05-31 17:27:00', '2012-05-31 17:31:00', 'Estudio Alzamora Abogados S. Civil de R. L.', 7, 1, NULL, 'NINGUNO', 'NINGUNO', 'NINGUNO', 0, '999999', NULL, NULL),
(47, 53, 'SALSA VALER', 'SEGURIDAD', 'MOTIVO INSTITUCIONAL', '2012-05-31 18:17:07', '34', '2012-05-31 18:14:00', '2012-05-31 18:17:00', 'Advance Perucorp S.A.C', 7, 1, NULL, 'NINGUNO', 'NINGUNO', 'NINGUNO', 0, '999999', NULL, NULL),
(48, 32, 'SALSA VALER', 'SEGURIDAD', 'MOTIVO INSTITUCIONAL', '2012-05-31 18:18:57', '12', '2012-05-31 18:18:00', NULL, 'INEI', 7, 1, NULL, 'NINGUNO', 'NINGUNO', 'NINGUNO', 0, '999999', NULL, NULL),
(49, 53, 'SALSA VALER', 'SEGURIDAD', 'MOTIVO INSTITUCIONAL', '2012-05-31 18:18:57', '32', '2012-05-31 18:18:00', NULL, 'Advance Perucorp S.A.C', 7, 1, NULL, 'NINGUNO', 'NINGUNO', 'NINGUNO', 0, '999999', NULL, NULL),
(50, 48, 'SALSA VALER', 'SEGURIDAD', 'MOTIVO INSTITUCIONAL', '2012-06-01 15:05:47', '85212', '2012-06-01 15:05:00', '2012-06-01 15:08:00', 'Advance Perucorp S.A.C', 7, 1, NULL, 'NINGUNO', 'NINGUNO', 'NINGUNO', 0, '999999', NULL, NULL),
(51, 54, 'OFICINA', 'SEGURIDAD', 'MOTIVO INSTITUCIONAL', '2012-06-01 16:19:40', '', '2012-06-01 16:19:00', '2012-06-14 17:05:00', '', 7, 1, 'Procuraduría Pública', 'NINGUNO', 'NINGUNO', 'NINGUNO', 0, '999999', NULL, 'cseguismundo'),
(52, 55, 'OFICINA', 'SEGURIDAD', 'MOTIVO INSTITUCIONAL', '2012-06-01 16:27:22', '', '2012-06-01 16:26:00', NULL, '', 7, 1, NULL, 'NINGUNO', 'NINGUNO', 'NINGUNO', 0, '999999', NULL, NULL),
(53, 56, 'SALSA VALER', 'SEGURIDAD', 'MOTIVO PERSONAL', '2012-06-01 16:27:49', '', '2012-06-01 16:27:00', NULL, '', 7, 1, NULL, 'NINGUNO', 'NINGUNO', 'NINGUNO', 0, '999999', NULL, NULL),
(54, 57, 'SALSA VALER', 'SEGURIDAD', 'MOTIVO INSTITUCIONAL', '2012-06-01 16:28:15', '', '2012-06-01 16:27:00', NULL, '', 7, 1, NULL, 'NINGUNO', 'NINGUNO', 'NINGUNO', 0, '999999', NULL, NULL),
(55, 58, 'SALA ACUERDO NACIONAL', 'SEGURIDAD', 'MOTIVO INSTITUCIONAL', '2012-06-01 16:28:51', '785412', '2012-06-01 16:28:00', NULL, 'Estudio Alzamora Abogados S. Civil de R. L.', 7, 1, NULL, 'NINGUNO', 'NINGUNO', 'NINGUNO', 0, '999999', NULL, NULL),
(56, 59, 'SALSA VALER', 'SEGURIDAD', 'MOTIVO INSTITUCIONAL', '2012-06-01 16:38:07', '', '2012-06-01 16:28:00', NULL, '', 7, 1, NULL, 'NINGUNO', 'NINGUNO', 'NINGUNO', 0, '999999', NULL, NULL),
(57, 60, 'SALA TELLO', 'SEGURIDAD', 'MOTIVO INSTITUCIONAL', '2012-06-01 16:41:09', 'qwq7899', '2012-06-01 16:38:00', NULL, 'Estudio Alzamora Abogados S. Civil de R. L.', 7, 1, NULL, 'NINGUNO', 'NINGUNO', 'NINGUNO', 0, '999999', NULL, NULL),
(58, 61, 'OFICINA', 'SEGURIDAD', 'MOTIVO INSTITUCIONAL', '2012-06-01 16:41:59', '795521', '2012-06-01 16:41:00', NULL, 'Skm - Consulting', 7, 1, NULL, 'NINGUNO', 'NINGUNO', 'NINGUNO', 0, '999999', NULL, NULL),
(59, 62, 'SALA TELLO', 'SEGURIDAD', 'MOTIVO INSTITUCIONAL', '2012-06-01 16:42:35', '', '2012-06-01 16:42:00', NULL, '', 7, 1, NULL, 'NINGUNO', 'NINGUNO', 'NINGUNO', 0, '999999', NULL, NULL),
(60, 63, 'OFICINA', 'SEGURIDAD', 'MOTIVO PERSONAL', '2012-06-01 16:43:02', '', '2012-06-01 16:42:00', NULL, '', 7, 1, NULL, 'NINGUNO', 'NINGUNO', 'NINGUNO', 0, '999999', NULL, NULL),
(61, 103, 'OFICINA', 'SEGURIDAD', 'MOTIVO PERSONAL', '2012-06-04 16:22:05', '', '2012-06-04 16:40:00', '2012-06-14 16:23:00', 'LCP Consultores', 8, 1, NULL, 'NINGUNO', 'NINGUNO', 'NINGUNO', 0, '999999', NULL, NULL),
(62, 32, 'OFICINA', 'SEGURIDAD', 'MOTIVO INSTITUCIONAL', '2012-06-05 10:06:53', '12', '2012-06-05 10:06:00', '2012-06-15 09:24:00', 'INEI', 7, 1, NULL, 'NINGUNO', 'NINGUNO', 'NINGUNO', 0, '999999', NULL, 'cseguismundo'),
(63, 36, 'SALA TELLO', 'SEGURIDAD', 'MOTIVO INSTITUCIONAL', '2012-06-05 16:01:17', '323', '2012-06-05 16:00:00', NULL, 'Advance Perucorp S.A.C', 8, 1, NULL, 'NINGUNO', 'NINGUNO', 'NINGUNO', 0, '999999', NULL, 'cseguismundo'),
(64, 104, 'SALA VALER', 'SEGURIDAD', 'MOTIVO INSTITUCIONAL', '2012-06-08 10:28:04', '96321', '2012-06-08 10:27:00', '2012-06-08 10:40:00', 'Ceva Logistics Peru S.R.L', 7, 1, NULL, 'NINGUNO', 'NINGUNO', 'NINGUNO', 0, '999999', NULL, NULL),
(65, 105, 'OFICINA', 'SEGURIDAD', 'MOTIVO INSTITUCIONAL', '2012-06-08 12:03:26', '789654', '2012-06-08 12:02:00', '2012-06-08 12:09:00', 'Ceva Logistics Peru S.R.L', 7, 1, NULL, 'JAVIER', 'CHONTA', 'YUQUE', 1, '8542332', NULL, NULL),
(66, 62, 'OFICINA', 'SEGURIDAD', 'MOTIVO INSTITUCIONAL', '2012-06-08 12:03:26', '85632', '2012-06-08 12:02:00', '2012-06-08 12:08:00', 'Estudio Alzamora Abogados S. Civil de R. L.', 7, 1, NULL, 'JAVIER', 'CHONTA', 'YUQUE', 1, '8542332', NULL, NULL),
(67, 32, 'OFICINA', 'SEGURIDAD', 'MOTIVO INSTITUCIONAL', '2012-06-11 10:11:14', '1', '2012-06-11 10:10:00', '2012-06-11 12:46:00', 'INEI', 7, 1, NULL, 'PEDRO JAVIER', 'ANTICONA', 'ENRIQUEZ', 1, '09191493', NULL, NULL),
(68, 36, 'OFICINA', 'SEGURIDAD', 'MOTIVO INSTITUCIONAL', '2012-06-11 10:11:14', '2', '2012-06-11 10:10:00', '2012-06-11 13:47:00', 'Advance Perucorp S.A.C', 7, 1, NULL, 'PEDRO JAVIER', 'ANTICONA', 'ENRIQUEZ', 1, '09191493', NULL, NULL),
(69, 53, 'OFICINA', 'SEGURIDAD', 'MOTIVO INSTITUCIONAL', '2012-06-11 16:54:05', '3', '2012-06-11 16:53:00', '2012-06-14 17:01:00', 'Advance Perucorp S.A.C', 7, 1, 'Despacho Ministerial', 'MARDONIO', 'ACEVEDO', 'PÉREZ', 1, '06974292', NULL, 'cseguismundo'),
(70, 32, 'OFICINA', 'SEGURIDAD', 'MOTIVO INSTITUCIONAL', '2012-06-12 12:15:13', '23', '2012-06-12 12:09:00', '2012-06-12 12:16:00', 'Co & Ambiental Ingenieros SAC', 7, 1, NULL, 'PEDRO JAVIER', 'ANTICONA', 'ENRIQUEZ', 1, '09191493', NULL, NULL),
(71, 106, 'SALA VALER', 'SEGURIDAD', 'MOTIVO INSTITUCIONAL', '2012-06-14 17:03:50', '96321', '2012-06-14 17:01:00', '2012-06-14 17:06:00', 'Quality Advance', 8, 1, NULL, 'PAUL', 'LESCANO', 'BLANCO', 1, '45632147', 'cseguismundo', 'admin'),
(72, 107, 'SALA VALER', 'SEGURIDAD', 'MOTIVO INSTITUCIONAL', '2012-06-14 17:03:50', '78963', '2012-06-14 17:01:00', '2012-06-14 17:09:00', '', 7, 1, NULL, 'PAUL', 'LESCANO', 'BLANCO', 1, '45632147', 'cseguismundo', 'cseguismundo'),
(73, 32, 'OFICINA', 'SEGURIDAD', 'MOTIVO INSTITUCIONAL', '2012-06-15 09:46:11', '1', '2012-06-15 09:30:00', '2012-06-18 09:30:00', 'Co & Ambiental Ingenieros SAC', 7, 1, NULL, 'MARCO ANTONIO', 'APAZA', 'MESONES', 1, '10329173', 'admin', 'cseguismundo'),
(74, 36, 'OFICINA', 'SEGURIDAD', 'MOTIVO INSTITUCIONAL', '2012-06-15 09:46:11', '2', '2012-06-15 09:30:00', NULL, 'Advance Perucorp S.A.C', 7, 1, NULL, 'MARCO ANTONIO', 'APAZA', 'MESONES', 1, '10329173', 'admin', NULL),
(75, 62, 'SALA VALER', 'SEGURIDAD', 'MOTIVO INSTITUCIONAL', '2012-06-15 11:07:29', '789654', '2012-06-15 11:07:00', '2012-06-15 11:09:00', 'Estudio Alzamora Abogados S. Civil de R. L.', 8, 1, NULL, 'JAVIER', 'CHONTA', 'YUQUE', 1, '8542332', 'cseguismundo', 'admin'),
(76, 109, 'SALA VALER', 'SEGURIDAD', 'MOTIVO INSTITUCIONAL', '2012-06-15 17:10:56', '', '2012-06-15 17:09:00', '2012-06-15 17:11:00', 'Abogados por internet s.a.c', 8, 1, NULL, 'ROSA PALMIRA', 'GUERRA', 'RODRIGUEZ', 1, '07605618', 'admin', 'admin'),
(77, 109, 'SALA VALER', 'SEGURIDAD', 'GESTIÓN ADMINISTRATIVA', '2012-06-15 17:56:27', '', '2012-06-15 17:55:00', NULL, 'Abogados por internet s.a.c', 8, 1, NULL, 'AUREA HERMELINDA', 'CADILLO', 'VILLAFRANCA', 1, '32397333', 'admin', 'admin'),
(78, 109, 'SALA VALER', 'SEGURIDAD', 'MOTIVO INSTITUCIONAL', '2012-06-15 17:58:50', '', '2012-06-15 17:58:00', '2012-06-15 18:00:00', 'Abogados por internet s.a.c', 7, 1, NULL, 'FELIX JULIÁN', 'BEDOYA', 'JURADO', 1, '06149849  ', 'admin', 'admin'),
(79, 110, 'SALA VALER', 'SEGURIDAD', 'VISITA PERSONAL', '2012-06-15 18:05:03', '', '2012-06-15 18:04:00', '2012-06-15 18:05:00', 'Estudio Alzamora Abogados S. Civil de R. L.', 8, 1, NULL, 'AUREA HERMELINDA', 'CADILLO', 'VILLAFRANCA', 1, '32397333', 'admin', 'recepcion'),
(80, 111, 'SALA ACUERDO NACIONAL', 'SEGURIDAD', 'GESTIÓN ADMINISTRATIVA', '2014-10-07 17:37:19', '', '2014-10-07 17:35:00', NULL, 'Empresa 02', 7, 1, NULL, 'OSWALDO ANDRÉS', 'PUICAN', 'ALARCÓN', 1, '42725311', 'recepcion', NULL),
(81, 112, 'SALA VALER', 'Abogado (a) ', 'GESTIÓN ADMINISTRATIVA', '2014-10-30 23:40:54', '', '2014-10-30 23:39:00', '2014-10-30 23:43:00', 'Castro & Lay Abogados SAC', 7, 1, 'Acuerdo Nacional', 'JOSE LIZANDRO', 'SERRANO ', 'MORAN', 1, '14771477', 'prueba', 'prueba'),
(82, 112, 'SALA VALER', 'Abogado (a) ', 'GESTIÓN ADMINISTRATIVA', '2014-10-30 23:43:39', '', '2014-10-30 23:42:00', NULL, 'Castro & Lay Abogados SAC', 7, 1, 'Acuerdo Nacional', 'JOSE LIZANDRO', 'SERRANO ', 'MORAN', 1, '14771477', 'prueba', NULL),
(83, 113, 'Sala Primer Piso', 'ANALISTA PROGRAMADOR', 'REUNIÓN DE TRABAJO', '2014-11-19 10:05:25', '13', '2014-11-19 10:01:00', '2014-11-19 10:05:00', 'Estudio Caballero Bustamante SRL', 7, 4, 'Oficina de TIC', 'Juan ', 'Perez', 'Alarcon', 1, '45677654', 'jordonez', 'jordonez'),
(84, 114, 'SALA TELLO', 'SEGURIDAD', 'MOTIVO INSTITUCIONAL', '2014-12-05 16:34:52', '', '2014-12-05 16:34:00', '2014-12-05 16:38:00', 'Ceva Logistics Peru S.R.L', 7, 1, NULL, 'JOSE LENIO', 'VILLANUEVA', 'ALARCON', 1, '10172768', 'prueba', 'prueba'),
(85, 115, 'SALA VALER', 'SEGURIDAD', 'MOTIVO INSTITUCIONAL', '2014-12-05 16:38:49', '', '2014-12-05 16:38:00', NULL, 'Co & Ambiental Ingenieros SAC', 8, 1, NULL, 'JOSE ARNALDO', 'BARREDA', 'SANDOVAL', 1, '07919324', 'prueba', 'prueba'),
(86, 116, 'SALA VALER', 'SEGURIDAD', 'GESTIÓN ADMINISTRATIVA', '2015-05-05 09:14:08', '15', '2015-04-27 09:09:00', NULL, 'Advance Perucorp S.A.C', 7, 1, NULL, 'PERCY IGNACIO', 'MARIN LIRA', 'LIRA', 1, '08404031', 'prueba', NULL),
(87, 117, 'SALA VALER', 'SEGURIDAD', 'MOTIVO INSTITUCIONAL', '2015-05-05 09:16:07', '', '2015-05-05 09:15:00', NULL, 'Castro & Lay Abogados SAC', 7, 1, NULL, 'JACKELINE MARIBEL', 'CASTAÑEDA', 'DEL CASTILLO', 1, '26682606', 'prueba', NULL);

--
-- Restricciones para tablas volcadas
--

--
-- Filtros para la tabla `td_detalle_dominio`
--
ALTER TABLE `td_detalle_dominio`
  ADD CONSTRAINT `td_detalle_dominio_ibfk_1` FOREIGN KEY (`id_dominio`) REFERENCES `tm_dominio` (`id_dominio`);

--
-- Filtros para la tabla `tm_colaborador`
--
ALTER TABLE `tm_colaborador`
  ADD CONSTRAINT `tm_colaborador_ibfk_2` FOREIGN KEY (`id_cargo_laboral`) REFERENCES `tm_cargo_laboral` (`id_cargo_laboral`),
  ADD CONSTRAINT `tm_colaborador_ibfk_3` FOREIGN KEY (`id_sede`) REFERENCES `tm_sede` (`id_sede`),
  ADD CONSTRAINT `tm_colaborador_ibfk_4` FOREIGN KEY (`id_oficina`) REFERENCES `tm_oficina` (`id_oficina`) ON DELETE NO ACTION ON UPDATE NO ACTION;

--
-- Filtros para la tabla `tm_lugar_reunion`
--
ALTER TABLE `tm_lugar_reunion`
  ADD CONSTRAINT `tm_lugar_reunion_ibfk_1` FOREIGN KEY (`id_sede`) REFERENCES `tm_sede` (`id_sede`);

--
-- Filtros para la tabla `tm_oficina`
--
ALTER TABLE `tm_oficina`
  ADD CONSTRAINT `tm_oficina_ibfk_1` FOREIGN KEY (`id_sede`) REFERENCES `tm_sede` (`id_sede`);

--
-- Filtros para la tabla `tm_usuario`
--
ALTER TABLE `tm_usuario`
  ADD CONSTRAINT `tm_usuario_ibfk_1` FOREIGN KEY (`id_rol`) REFERENCES `tm_rol` (`id_rol`),
  ADD CONSTRAINT `tm_usuario_ibfk_2` FOREIGN KEY (`id_sede`) REFERENCES `tm_sede` (`id_sede`);

--
-- Filtros para la tabla `tm_visita`
--
ALTER TABLE `tm_visita`
  ADD CONSTRAINT `tm_visita_ibfk_2` FOREIGN KEY (`id_invitado`) REFERENCES `tm_invitado` (`id_invitado`),
  ADD CONSTRAINT `tm_visita_ibfk_3` FOREIGN KEY (`id_sede`) REFERENCES `tm_sede` (`id_sede`) ON DELETE NO ACTION ON UPDATE NO ACTION;

/*!40101 SET CHARACTER_SET_CLIENT=@OLD_CHARACTER_SET_CLIENT */;
/*!40101 SET CHARACTER_SET_RESULTS=@OLD_CHARACTER_SET_RESULTS */;
/*!40101 SET COLLATION_CONNECTION=@OLD_COLLATION_CONNECTION */;
